Date,Open,High,Low,Close,Volume,Dividends,Stock Splits
2020-03-19,37.848106089217886,43.52532200260057,37.848106089217886,42.81567001342773,7000,0.0,0.0
2020-03-20,42.58858107462454,43.53478375542424,42.57912063598633,42.57912063598633,3600,0.0,0.0
2020-03-23,39.74051570892334,39.74051570892334,37.82918571073788,37.84811019897461,11900,0.0,0.0
2020-03-24,37.84811019897461,37.84811019897461,36.90190744400024,37.84811019897461,77800,0.0,0.0
2020-03-25,37.84810881329052,42.38988114898999,35.95570337262599,38.80377197265625,7000,0.0,0.0
2020-03-26,42.57912063598633,44.944627337985565,41.86946862538655,42.57912063598633,29100,0.0,0.0
2020-03-27,42.57912112951806,44.944627858935725,42.569660690770185,42.80147933959961,263200,0.0,0.0
2020-03-30,41.86946937561035,47.31013488769531,41.86946937561035,47.31013488769531,118100,0.0,0.0
2020-03-31,43.99842544555664,47.31013488769531,42.37095565038733,47.31013488769531,210300,0.0,0.0
2020-04-01,43.51585726682014,45.89082410120792,41.63291258666285,44.18766021728516,1206100,0.0,0.0
2020-04-02,42.60182924230652,46.04222380331935,40.87595786411839,41.63291931152344,9264200,0.0,0.0
2020-04-03,41.3963748001355,46.647799910028624,39.55127851571969,44.77431869506836,22551600,0.0,0.0
2020-04-06,44.47152001242226,45.27579073906917,42.2952548613692,43.468544006347656,10294200,0.0,0.0
2020-04-07,42.72105667798984,44.46206992604392,40.62048536526232,41.897857666015625,12146500,0.0,0.0
2020-04-08,39.93921281378888,42.76836031296048,39.040319578364524,41.718074798583984,22265800,0.0,0.0
2020-04-09,41.68023399920932,47.54669227549412,41.63292457953714,46.49640655517578,17355600,0.0,0.0
2020-04-13,45.93813799940487,46.0516813069091,43.2603863731138,43.52532196044922,8545100,0.0,0.0
2020-04-14,43.44016624758062,43.80918472675925,41.60453429061239,43.42124176025391,10152100,0.0,0.0
2020-04-15,41.81269440547894,42.43718801908195,40.49747328057843,42.15332794189453,7935500,0.0,0.0
2020-04-16,41.70862557587942,43.91043940714352,41.20713558429841,43.165775299072266,8740200,0.0,0.0
2020-04-17,44.471522355943726,45.94759971653127,43.44962181181163,43.66725158691406,7878100,0.0,0.0
2020-04-20,42.57911694001268,44.45259765223607,42.484498123936575,42.94813537597656,5407500,0.0,0.0
2020-04-21,42.10602078054188,44.66076883069486,42.10602078054188,43.43070602416992,6939700,0.0,0.0
2020-04-22,44.76485170206292,46.88434376027263,43.52532484721954,44.518836975097656,6801900,0.0,0.0
2020-04-23,44.88785978293036,45.45558363178293,43.97950595613895,44.9162483215332,5174800,0.0,0.0
2020-04-24,45.436658965503206,45.89083587712928,43.81865304105834,45.27580261230469,6446900,0.0,0.0
2020-04-27,45.49342484654415,45.9854470449817,45.048708448924735,45.62589263916016,5541100,0.0,0.0
2020-04-28,46.43016848902386,48.209030663366654,46.032765067982695,47.17766952514648,5368200,0.0,0.0
2020-04-29,48.03871161589023,48.94706534357763,47.03573545231235,48.39826965332031,4343900,0.0,0.0
2020-04-30,48.22794654978768,48.824051575031696,47.78323018314968,48.171173095703125,6123800,0.0,0.0
2020-05-01,47.6223843659532,47.811622021321824,45.7110544490195,47.035736083984375,3089700,0.0,0.0
2020-05-04,46.22200313307582,46.99788910333569,44.9540912971307,46.865421295166016,5676600,0.0,0.0
2020-05-05,46.86541044873884,47.91569584111847,45.37987275611352,45.50288009643555,4103600,0.0,0.0
2020-05-06,45.99491585625887,46.3639343480433,45.31364872713253,45.711055755615234,2931800,0.0,0.0
2020-05-07,46.382855947119616,50.423141836085165,46.35447102166627,49.022762298583984,4803200,0.0,0.0
2020-05-08,49.31608659554288,51.255801522010906,49.306626156159794,50.10143661499024,4289400,0.0,0.0
2020-05-11,49.20253950891646,49.58102202585268,48.31311028643615,49.022762298583984,3150600,0.0,0.0
2020-05-12,49.38231860959412,49.4769410471887,47.01681181188356,47.04520034790039,3059800,0.0,0.0
2020-05-13,46.363933203787134,47.59399601586977,45.30891558455152,45.616432189941406,4567000,0.0,0.0
2020-05-14,45.04870239073716,45.79620324509051,44.68914442379264,45.41772079467773,4849900,0.0,0.0
2020-05-15,44.77431159415272,46.57209817271799,44.6607682805047,46.25984954833984,2981400,0.0,0.0
2020-05-18,47.42367687406216,49.5242479593435,47.42367687406216,49.32554626464844,4452600,0.0,0.0
2020-05-19,48.89975238376049,50.080614309794456,48.30837573787473,49.4958610534668,2050300,0.0,0.0
2020-05-20,49.72294878149823,51.75728593284924,49.651982860501946,50.31905746459961,4755100,0.0,0.0
2020-05-21,49.73019828996886,50.8604287517945,49.26480714503916,49.416770935058594,3813100,0.2,0.0
2020-05-22,49.82517736335415,50.07212080175708,48.36252353005303,49.11284637451172,2134300,0.0,0.0
2020-05-26,50.366543296785366,51.27832961960456,48.15357047623713,48.33402633666992,6247000,0.0,0.0
2020-05-27,48.99887228724217,50.00563467841426,48.220057396693,49.74919509887695,5202300,0.0,0.0
2020-05-28,50.21458203447155,50.29056574148049,48.37202061673543,48.4005126953125,4260700,0.0,0.0
2020-05-29,47.90662602665151,50.21457842621923,47.65968624282184,50.00563049316406,7522700,0.0,0.0
2020-06-01,49.815674199242416,51.70572346133466,49.49275071816253,51.363807678222656,3073300,0.0,0.0
2020-06-02,51.43978637292877,52.00015346847201,50.61348357885727,51.43029022216797,2638100,0.0,0.0
2020-06-03,52.23761045222901,52.78848153790564,51.81021109663561,52.68400573730469,4134500,0.0,0.0
2020-06-04,52.52253973561368,53.81423389624899,51.943176593878455,52.61751937866211,3281300,0.0,0.0
2020-06-05,54.92547604983553,55.7603259760553,53.18738650184639,55.6283073425293,4615100,0.0,0.0
2020-06-08,55.73278015870759,58.240184808284944,55.42885254197718,58.183197021484375,5966500,0.0,0.0
2020-06-09,57.36638858949122,58.37314736952448,56.264650173443634,57.60383224487305,4610200,0.0,0.0
2020-06-10,57.56584269206814,57.89826237365246,56.05570083853701,56.0651969909668,2658300,0.0,0.0
2020-06-11,53.18737630208334,55.15340938625857,52.907194541009765,53.42481994628906,3293900,0.0,0.0
2020-06-12,54.83049017041263,56.01770848422662,52.33258182367924,53.225372314453125,4313000,0.0,0.0
2020-06-15,51.77221099382032,54.896970245578686,51.12636760977817,54.77349853515625,4464300,0.0,0.0
2020-06-16,56.51158751416911,56.796519163569634,54.493316531520215,54.9444580078125,3510300,0.0,0.0
2020-06-17,55.20090327448381,55.26738721209991,53.62427745382532,53.89021682739258,2441500,0.0,0.0
2020-06-18,53.605284147367534,54.78300639993275,53.41533210094676,54.6025505065918,2137500,0.0,0.0
2020-06-19,55.99871102096044,55.99871102096044,53.13989099384982,54.13715362548828,7096100,0.0,0.0
2020-06-22,54.02317786298729,55.25788406352634,53.79523037494662,54.19413757324219,2027000,0.0,0.0
2020-06-23,54.792499655569614,54.96345938679035,53.74774896308992,53.94720077514648,2386900,0.0,0.0
2020-06-24,53.32984757765311,54.108662493954455,52.4750489509308,52.750484466552734,3022000,0.0,0.0
2020-06-25,52.2850998011356,53.66227392743373,52.00966425125533,53.37734222412109,2942900,0.0,0.0
2020-06-26,53.405829852979856,53.64327352311925,51.70763443424748,52.98793029785156,6634300,0.0,0.0
2020-06-29,53.082901309822894,53.94719604268485,52.55102985766325,53.7287483215332,2257300,0.0,0.0
2020-06-30,53.158885902536106,54.23212859959728,52.72198682984563,54.00418472290039,2518100,0.0,0.0
2020-07-01,54.13715799713207,54.13715799713207,52.94993962000199,52.97843170166016,2400200,0.0,0.0
2020-07-02,53.59577803437771,54.36509672258733,52.9689269776114,53.66226196289063,3162900,0.0,0.0
2020-07-06,54.49806795321378,54.68802359919626,53.59578135212398,54.00418472290039,1999100,0.0,0.0
2020-07-07,53.59578262706128,54.431585315404696,53.30135118762938,53.96619415283203,2537900,0.0,0.0
2020-07-08,54.16564827876356,54.27962384781456,53.44382112362144,54.06117248535156,6694900,0.0,0.0
2020-07-09,54.00418582808346,55.0299405404165,53.25386300380393,53.29185485839844,2424200,0.0,0.0
2020-07-10,53.405833009973605,54.4315914647011,53.22537711431736,54.1181640625,2137300,0.0,0.0
2020-07-13,53.71924916858254,55.029935422266526,53.62901942808822,54.03267288208008,2882500,0.0,0.0
2020-07-14,53.39633622134208,54.564558698810856,53.215876704730256,54.48857498168945,2755100,0.0,0.0
2020-07-15,55.09643028422368,56.03670885752374,54.953966249125706,55.27688980102539,2358400,0.0,0.0
2020-07-16,55.08693009619552,55.618805208337854,54.76210806208882,55.3908576965332,2628800,0.0,0.0
2020-07-17,55.78026223987714,56.06519389738492,55.22939485177578,55.60930252075195,2983100,0.0,0.0
2020-07-20,55.485833436939465,56.65405944736021,55.07743366978846,55.61880493164063,2407800,0.0,0.0
2020-07-21,55.44784905713549,55.97972058048545,55.18190967235749,55.50483322143555,2314000,0.0,0.0
2020-07-22,55.048936733997024,55.97021928530561,54.78300099675442,55.54281997680664,2034300,0.0,0.0
2020-07-23,55.56181766509658,56.48119811663197,55.409853864270005,56.093692779541016,2566500,0.0,0.0
2020-07-24,56.207666136811085,56.22191217738675,54.7355160999786,55.21040344238281,3142100,0.0,0.0
2020-07-27,54.953962223935626,55.50482964088413,54.70701878422202,55.3908576965332,2670300,0.0,0.0
2020-07-28,56.81551544862607,58.72456439555635,56.70154351276685,57.25241088867188,4473600,0.0,0.0
2020-07-29,57.89826348718348,61.12749884083532,57.89826348718348,61.07051467895508,4885400,0.0,0.0
2020-07-30,60.25370673070279,61.27946154085412,59.97827481638347,60.20621871948242,2307000,0.0,0.0
2020-07-31,60.25370658923013,60.25370658923013,59.05699204301289,59.5888671875,3156100,0.0,0.0
2020-08-03,59.85479194445459,60.61461085181993,59.588856232652304,60.035247802734375,3200500,0.0,0.0
2020-08-04,59.43689717263896,59.74082475972804,58.85753407753082,59.46538925170898,1739400,0.0,0.0
2020-08-05,59.58886403862493,60.45315883830487,59.20895272362378,59.92128372192383,2645000,0.0,0.0
2020-08-06,59.73132744995772,60.32968649684313,59.70758525745365,60.29169464111328,1557400,0.0,0.0
2020-08-07,59.98776587467139,61.23197195235236,59.98776587467139,61.17498779296875,1169100,0.0,0.0
2020-08-10,61.06100832402825,62.02028267415133,61.06100832402825,61.93479919433594,1572700,0.0,0.0
2020-08-11,62.22924004616724,62.63764348911126,61.099012991764496,61.13700485229492,2787700,0.0,0.0
2020-08-12,61.70686098120363,62.18174831244736,60.99452998433803,61.64037704467773,1496600,0.0,0.0
2020-08-13,61.6973547632374,61.6973547632374,60.62411211532799,60.78557205200195,1436200,0.0,0.0
2020-08-14,60.51014276777008,61.26996539486403,60.40566697538952,60.8520622253418,1633900,0.0,0.0
2020-08-17,61.22247261813005,61.28895655329171,60.51014163588127,60.74758529663086,1785500,0.0,0.0
2020-08-18,60.64311035589706,61.16548931534759,60.19196884339282,60.26320266723633,1680200,0.0,0.0
2020-08-19,60.29169413722615,60.39616992805869,59.44639528136684,59.75981903076172,1549000,0.0,0.0
2020-08-20,59.22625201791115,60.26480774338095,58.89277232220547,59.998023986816406,1291500,0.2,0.0
2020-08-21,60.055192652963896,60.73168577877081,59.63596049675566,60.62687683105469,2649500,0.0,0.0
2020-08-24,60.60781375788015,61.1985543746646,60.06471621009719,60.78884506225586,3199900,0.0,0.0
2020-08-25,61.37006487509977,61.75118038482192,60.88889454971013,61.2557258605957,1604100,0.0,0.0
2020-08-26,61.246195930869135,61.7321276569723,60.73930677711244,61.150917053222656,1161900,0.0,0.0
2020-08-27,61.42722419377425,61.84169126449771,60.18857711139644,60.24574661254883,1341700,0.0,0.0
2020-08-28,60.2838636188832,60.62687337927724,59.69312660634683,60.58876037597656,1129900,0.0,0.0
2020-08-31,60.607813419159285,60.82695772364909,59.8741545034382,59.93132400512695,1736400,0.0,0.0
2020-09-01,59.56925859937223,61.24619069121858,59.38346225959725,61.02705001831055,2334100,0.0,0.0
2020-09-02,60.72215055988951,62.46577861373736,60.64592819006933,62.256160736083984,1827200,0.0,0.0
2020-09-03,61.817878281349785,62.36097589612648,58.17817343625586,58.930885314941406,3096800,0.0,0.0
2020-09-04,59.55020120371717,59.64548007178079,57.57789883062252,58.58787155151367,2697000,0.0,0.0
2020-09-08,58.530701156915725,58.83559789165467,57.60648088524442,57.76845932006836,2137900,0.0,0.0
2020-09-09,58.149581896287366,59.57878678878394,58.12099896152736,59.150028228759766,1888500,0.0,0.0
2020-09-10,59.0547547653623,59.0547547653623,56.91094709831773,57.07292556762695,3828900,0.0,0.0
2020-09-11,57.41592152197809,57.84468370600439,56.95381500466431,57.30158615112305,2273400,0.0,0.0
2020-09-14,57.71129636415333,57.71129636415333,56.27923455522041,57.15867233276367,2420100,0.0,0.0
2020-09-15,57.196775594813445,58.71173284573135,57.196775594813445,57.45403289794922,1629400,0.0,0.0
2020-09-16,57.98760446935877,58.13052277136468,56.59651264242858,56.96810531616211,2457000,0.0,0.0
2020-09-17,55.97717970198615,58.20673900486424,55.300690402585786,58.15909957885742,2219900,0.0,0.0
2020-09-18,58.273448029464745,59.68359643730176,57.539789073119046,58.00666427612305,3806500,0.0,0.0
2020-09-21,57.16819501764964,57.377812895804254,55.90096495012354,56.60604095458984,2512100,0.0,0.0
2020-09-22,56.15822715717048,58.23533871457192,56.08200478052646,58.11147689819336,1841500,0.0,0.0
2020-09-23,57.9018591169378,58.85466245214891,57.35876150663997,57.5588493347168,1733700,0.0,0.0
2020-09-24,57.9780770184153,59.78840466944003,57.60648432791115,59.150028228759766,2374800,0.0,0.0
2020-09-25,58.7022081075244,59.40728046863104,58.30202885731973,58.64503860473633,1557600,0.0,0.0
2020-09-28,59.33105218135983,59.91226268043439,58.978516035971616,59.55972290039063,1233900,0.0,0.0
2020-09-29,59.47396963884011,59.79792284847467,58.95945871090152,59.46444320678711,1435400,0.0,0.0
2020-09-30,59.75028994549454,60.59828424240364,59.026161086737446,59.47397613525391,2494000,0.0,0.0
2020-10-01,59.90273597961888,61.18902247640383,58.84512384936984,59.42633438110352,2342500,0.0,0.0
2020-10-02,58.71173635524669,60.44583801219848,58.60692741422389,60.17905426025391,1447800,0.0,0.0
2020-10-05,60.73167377242127,61.57966435123377,60.250507168783415,61.49391555786133,1447700,0.0,0.0
2020-10-06,61.38912059339997,61.932218216215816,60.48872171164442,60.81744003295898,2107000,0.0,0.0
2020-10-07,61.57967169236176,62.522952147776806,61.33670947953106,61.97985458374024,1648100,0.0,0.0
2020-10-08,61.732117415653335,62.41813685179764,61.43675076315667,61.65589141845703,1213200,0.0,0.0
2020-10-09,61.95126683362547,62.57059042715078,61.265254569759634,62.26569366455078,1187000,0.0,0.0
2020-10-12,62.74209394376271,62.87072442075975,62.09418742868673,62.58964920043945,1185800,0.0,0.0
2020-10-13,62.0846738878157,62.694467490663975,61.56634278301284,62.05608367919922,1415900,0.0,0.0
2020-10-14,62.40861116880091,62.885012780776485,61.484390878478415,62.51342010498047,1633600,0.0,0.0
2020-10-15,61.61779141486353,62.346685402160574,60.988944978650245,62.12277603149414,982100,0.0,0.0
2020-10-16,62.21806497460485,62.70398947506558,61.75118607434767,61.9608039855957,1047500,0.0,0.0
2020-10-19,61.83693669078268,62.351451353977474,61.05563826207483,61.32242202758789,910500,0.0,0.0
2020-10-20,61.62731939094234,62.63728858990428,61.30336248019395,61.35100555419922,720000,0.0,0.0
2020-10-21,61.21761199656414,61.77023965494239,60.703097342485655,60.71262741088867,1082600,0.0,0.0
2020-10-22,60.96988584333699,60.96988584333699,60.00755245792906,60.25528335571289,4980300,0.0,0.0
2020-10-23,60.4744359911976,60.99847352586698,60.14095260369431,60.455379486083984,2308600,0.0,0.0
2020-10-26,60.826963114035486,60.87460255233659,58.47353778846801,60.2266960144043,3026000,0.0,0.0
2020-10-27,59.94085705345273,60.25528389545884,58.94041428874861,59.045223236083984,1973200,0.0,0.0
2020-10-28,58.13052327242815,58.36872407914704,55.99624607963422,56.20586395263672,2570900,0.0,0.0
2020-10-29,56.11058227017685,58.30202899712511,56.02482983311707,57.9209098815918,2122600,0.0,0.0
2020-10-30,57.50167572127454,58.406839552039706,56.977634651249225,58.38778305053711,2036100,0.0,0.0
2020-11-02,59.25484235462019,59.80747007328002,58.20676006464286,59.20720291137695,1819100,0.0,0.0
2020-11-03,59.95991544767026,60.83649279002625,59.15003404942152,59.75029754638672,1545600,0.0,0.0
2020-11-04,59.72170828322464,60.64116356920942,59.02616234359379,59.359642028808594,2042700,0.0,0.0
2020-11-05,60.33150138369261,60.93176844774676,59.63595544868329,59.67406845092773,1495700,0.0,0.0
2020-11-06,59.99801693078472,60.79837174100918,59.712173071332245,60.579227447509766,1145800,0.0,0.0
2020-11-09,63.83782538466566,64.11413923252877,60.43631766613584,60.50301361083984,2420100,0.0,0.0
2020-11-10,60.38866704112122,62.80687981542542,60.33149754139548,62.63727951049805,2174600,0.0,0.0
2020-11-11,62.75162822833728,63.19944695890364,61.684485876121975,62.999359130859375,1319500,0.0,0.0
2020-11-12,63.05651941033177,63.32330315738808,62.33238690452755,62.875484466552734,1774700,0.0,0.0
2020-11-13,63.113676176347575,63.590077732897655,62.15135026602024,62.47529983520508,1438500,0.0,0.0
2020-11-16,63.09464103958874,64.447620095688,62.58012634163983,64.20941925048828,2338900,0.0,0.0
2020-11-17,63.99027561116596,64.74298385050649,63.17562555941916,64.02838134765625,1465000,0.0,0.0
2020-11-18,64.13318944941709,64.77157320154443,63.37095115136295,63.48528289794922,2182800,0.0,0.0
2020-11-19,63.67642028772897,64.2116015451741,62.69207933215447,63.22726058959961,1809900,0.2,0.0
2020-11-20,63.1603573376865,63.78154557977172,63.07435035969858,63.380165100097656,1811200,0.0,0.0
2020-11-23,63.68596814673733,64.53651546514818,63.599961184541655,64.26892852783203,1885500,0.0,0.0
2020-11-24,65.02390655661246,65.02390655661246,63.915323830048806,64.41227722167969,4738800,0.0,0.0
2020-11-25,64.45050322027839,64.4791722053271,63.47571398144262,64.39315795898438,1125400,0.0,0.0
2020-11-27,64.55563218407958,65.18637177262181,63.9344440637537,64.35493469238281,1645000,0.0,0.0
2020-11-30,63.877113733492095,64.69899224647996,63.43750548325189,63.972686767578125,1831000,0.0,0.0
2020-12-01,64.43140047068513,65.13860295623077,63.810212251197,63.867557525634766,2928100,0.0,0.0
2020-12-02,63.95356382178855,64.28804753913299,62.65384941336598,62.77809143066406,1379600,0.0,0.0
2020-12-03,62.8545353503729,63.88666271441847,62.4627136771616,62.58694839477539,1061900,0.0,0.0
2020-12-04,62.7398568960913,63.11543376587974,62.00398550628585,62.27157974243164,2054300,0.0,0.0
2020-12-07,62.09954945031715,62.414915565824224,61.17254674702328,61.97530746459961,1917600,0.0,0.0
2020-12-08,61.908432157855366,63.21770544731327,61.8128664142976,63.17947769165039,2641500,0.0,0.0
2020-12-09,62.83542512120066,63.2750333041391,62.30025121000564,62.58694839477539,1668600,0.0,0.0
2020-12-10,62.31936025922778,63.208135368461626,61.01964596419339,61.16299819946289,2056600,0.0,0.0
2020-12-11,60.52269411690722,61.048312854104616,60.1595378285024,60.90496063232422,2023900,0.0,0.0
2020-12-14,61.63127202180408,61.63127202180408,59.74860106454537,59.99707412719727,1377800,0.0,0.0
2020-12-15,60.3124579106082,62.68252028565362,60.16910565853082,61.86064910888672,2041100,0.0,0.0
2020-12-16,62.05178174012666,62.43405198905468,61.48793148243817,62.34803771972656,1760600,0.0,0.0
2020-12-17,62.83542566199406,63.38015833806229,62.5965076936975,62.873653411865234,1873700,0.0,0.0
2020-12-18,63.06478231091506,63.26547252119662,61.67906106750538,62.70162963867188,4028700,0.0,0.0
2020-12-21,62.06133502863856,63.53307061794943,61.73640279378394,63.21769714355469,2201300,0.0,0.0
2020-12-22,62.92142609541615,63.06477831974424,62.20945529020847,62.51049423217773,1151500,0.0,0.0
2020-12-23,62.58695540857488,63.303709387618746,62.40538269189876,62.72074890136719,972500,0.0,0.0
2020-12-24,62.54872118355908,63.0552334009539,62.395817475272125,62.873653411865234,992100,0.0,0.0
2020-12-28,63.24636586657135,63.64774630981574,62.63473644128526,63.074344635009766,786400,0.0,0.0
2020-12-29,63.37060336104616,63.64774909575961,62.24291019171476,62.77809143066406,1008400,0.0,0.0
2020-12-30,62.8736606766802,63.86756041457898,62.8736606766802,63.76243591308594,1082200,0.0,0.0
2020-12-31,63.89623276716398,64.6894423051554,63.619087002400754,64.55564880371094,1238200,0.0,0.0
2021-01-04,64.55563746427313,65.00479711668353,62.64429373228811,62.68251419067383,2569600,0.0,0.0
2021-01-05,62.902325982288126,63.47572768060215,61.88836092526543,62.21424102783203,1366100,0.0,0.0
2021-01-06,62.90231799855597,64.3453844675936,62.35758536061687,63.94400405883789,1596000,0.0,0.0
2021-01-07,64.3167255748135,64.94268953959187,63.88189308481382,64.77544403076172,1542500,0.0,0.0
2021-01-08,64.47918698418356,64.9570229543747,62.930995815932896,63.867557525634766,1914000,0.0,0.0
2021-01-11,63.28458346299322,63.82931606033582,62.89275455183969,63.41837692260742,1506200,0.0,0.0
2021-01-12,63.33237427331196,63.83888651026422,62.185570897687256,62.33848190307617,1722000,0.0,0.0
2021-01-13,62.30024382373074,62.629951744644046,61.01963988508744,61.13432312011719,3172600,0.0,0.0
2021-01-14,61.354141592753216,62.472283412503735,60.97187496697128,62.06134414672852,3088300,0.0,0.0
2021-01-15,61.93708680126888,62.778082648599714,60.694714194872674,62.62517166137695,1841100,0.0,0.0
2021-01-19,63.074333898564426,63.50438325866689,62.04220668488254,62.47226333618164,2489200,0.0,0.0
2021-01-20,62.88321527649584,63.55218270427209,62.0135503291886,62.300254821777344,1737200,0.0,0.0
2021-01-21,62.34802624223478,62.34802624223478,60.6373764894693,60.70427322387695,3945600,0.0,0.0
2021-01-22,60.70427945319057,62.31936364985184,60.39846473720263,62.00399017333984,3546500,0.0,0.0
2021-01-25,61.16299627297788,61.74595666450048,59.25165263944732,61.37324523925781,4500200,0.0,0.0
2021-01-26,61.736399866423305,62.20467702998218,59.50968635831944,60.69471740722656,2742100,0.0,0.0
2021-01-27,59.90150852999021,60.21687832730149,58.563566555897566,59.48101425170898,3241300,0.0,0.0
2021-01-28,59.82506199255105,61.94665486618359,59.567033776849,61.00054168701172,3235000,0.0,0.0
2021-01-29,62.22379934017072,63.06478800555672,60.63738409763018,61.7841911315918,10353200,0.0,0.0
2021-02-01,63.064787942104175,63.08390546356992,60.20733094361718,61.68862533569336,3731500,0.0,0.0
2021-02-02,62.16645280419786,63.81976091645036,61.64083040365682,61.77462387084961,4327800,0.0,0.0
2021-02-03,61.77462395402704,61.99443167396665,60.159539940513135,61.21078109741211,3542100,0.0,0.0
2021-02-04,61.057875852097766,61.28723506184575,60.20732846188443,60.484474182128906,2303900,0.0,0.0
2021-02-05,59.958855441787385,61.3541318680582,59.85373095153986,61.09610366821289,3697900,0.0,0.0
2021-02-08,60.92407450493484,61.669497308756654,60.35067290901012,60.90496063232422,1787100,0.0,0.0
2021-02-09,60.7233912920165,61.72971510934723,60.40801782608192,61.50704193115234,2819100,0.0,0.0
2021-02-10,62.0613307123357,62.97877479033298,61.736398500079794,62.41492462158203,1934100,0.0,0.0
2021-02-11,62.347828621949056,62.506957807650366,60.28202710720575,60.80447006225586,4298900,0.2,0.0
2021-02-12,60.28682269161863,61.86852646641521,60.28682269161863,61.28377532958984,2021600,0.0,0.0
2021-02-16,61.64804114732035,61.67679819988871,59.98965439806188,60.57440185546875,3228400,0.0,0.0
2021-02-17,60.6894358090146,60.74694991266314,60.027036281858905,60.095096588134766,2178600,0.0,0.0
2021-02-18,59.874609140358885,60.94825191446514,59.73082024409581,60.44977569580078,2258400,0.0,0.0
2021-02-19,60.69902338701972,60.8284374404601,60.33475153244319,60.43061447143555,3852700,0.0,0.0
2021-02-22,60.24846776254424,60.96263283891948,59.93212925287188,60.61273956298828,2560000,0.0,0.0
2021-02-23,60.23888329846791,60.93866619353365,59.97047442277056,60.61273956298828,2571200,0.0,0.0
2021-02-24,60.47854236634631,61.743907526930265,60.4210246046116,61.68638610839844,2257300,0.0,0.0
2021-02-25,61.6192861501521,62.22321352860936,61.36046535480934,61.79183578491211,2431700,0.0,0.0
2021-02-26,62.20403298999699,62.20403298999699,60.95784411359541,61.0728759765625,3278300,0.0,0.0
2021-03-01,61.46590858794586,63.02843600350391,61.41797529292385,62.24237823486328,1896000,0.0,0.0
2021-03-02,62.05065376233791,63.11949885429631,61.66720937952435,62.70250701904297,2657500,0.0,0.0
2021-03-03,62.79836930157946,64.84978843749754,62.37657972887322,64.22669219970703,3210800,0.0,0.0
2021-03-04,64.06373452925015,64.13083675494939,60.71819308214459,61.30294418334961,3634400,0.0,0.0
2021-03-05,61.84934560669559,62.41492777006452,60.1621982086895,62.18486404418945,2168000,0.0,0.0
2021-03-08,62.28072625392062,63.58443295127373,61.91645074773429,62.52037811279297,1636700,0.0,0.0
2021-03-09,62.970921900352685,63.89118411874215,62.23279011314008,62.24237823486328,2547300,0.0,0.0
2021-03-10,61.9931460263972,63.74260912340724,61.93563191604554,63.50774765014648,1814900,0.0,0.0
2021-03-11,63.36394144220548,64.84019757057168,63.16263478564554,64.51427459716797,2214700,0.0,0.0
2021-03-12,64.84979689957805,64.84979689957805,63.25850498661087,63.26809310913086,1938200,0.0,0.0
2021-03-15,63.210575211547486,63.881597475825295,62.80316413521114,63.852840423583984,1495700,0.0,0.0
2021-03-16,64.34174114772492,65.15655609945175,63.82409219503378,64.8977279663086,2371800,0.0,0.0
2021-03-17,65.17571271230169,65.80839708386026,64.57179270511797,65.74129486083984,1729500,0.0,0.0
2021-03-18,65.32909393310547,65.79880949807233,64.66765250538101,65.32909393310547,2752800,0.0,0.0
2021-03-19,65.07984785173109,65.07984785173109,63.76655324124968,64.09248352050781,3149000,0.0,0.0
2021-03-22,64.04455769123621,64.16918133323118,62.92298879484548,64.05414581298828,1391500,0.0,0.0
2021-03-23,63.670705587380205,64.90731008548744,63.459810776503765,64.1883544921875,1364500,0.0,0.0
2021-03-24,64.1116590485989,65.1469567759908,64.1116590485989,64.38965606689453,1378000,0.0,0.0
2021-03-25,64.61971610293786,65.31949527675872,63.996619948258655,65.05108642578125,1738900,0.0,0.0
2021-03-26,65.3386942228983,66.5081892923465,64.82104526743998,66.18226623535156,1989400,0.0,0.0
2021-03-29,66.93954501745195,67.74477158483431,66.62320287444054,67.0162353515625,2038300,0.0,0.0
2021-03-30,67.16961365067296,67.57222696400127,66.54651743894486,66.853271484375,2604800,0.0,0.0
2021-03-31,67.12169752293322,67.12169752293322,65.44413430818598,65.61668395996094,3783100,0.0,0.0
2021-04-01,66.03846295998996,66.75741850736705,65.49205703652713,66.39315032958984,1579200,0.0,0.0
2021-04-05,66.22060256536916,66.81493448719152,66.06722186709615,66.36439514160156,1126600,0.0,0.0
2021-04-06,66.62321165550854,67.54826424926506,66.03846057963169,66.8341064453125,1972800,0.0,0.0
2021-04-07,66.96832383519447,67.36134912649291,66.53695336437505,66.74784088134766,7225700,0.0,0.0
2021-04-08,66.6136321983135,66.76221518856643,66.06722622347652,66.53694915771484,1881700,0.0,0.0
2021-04-09,66.79574753539373,68.0131754167016,66.5752646695105,67.82145690917969,3557700,0.0,0.0
2021-04-12,67.69685177617151,68.16177691286605,67.40926665386378,67.7256088256836,1986000,0.0,0.0
2021-04-13,67.53389018644867,68.28640052582887,67.2865736833534,68.17616271972656,1513400,0.0,0.0
2021-04-14,68.06113258142618,68.13302521857426,67.16003918999779,67.48596954345703,3099700,0.0,0.0
2021-04-15,67.71602930898028,68.29119231308532,67.20796853346094,68.0323715209961,1495600,0.0,0.0
2021-04-16,68.45416187310038,68.45416187310038,66.95872927003374,67.65851593017578,2548500,0.0,0.0
2021-04-19,67.78313541903918,68.43019840670668,67.43803613409584,68.08988952636719,2641300,0.0,0.0
2021-04-20,68.67463906108695,68.72257236037055,67.41886560667888,67.55307006835938,3682300,0.0,0.0
2021-04-21,67.53390499666322,68.13783248773964,66.93957294334466,68.0994873046875,3080300,0.0,0.0
2021-04-22,68.28159977558082,68.7800723432232,67.68726062905944,68.01318359375,2415600,0.0,0.0
2021-04-23,68.12822214840872,69.00055832280395,67.81187997657793,68.32952880859375,2574700,0.0,0.0
2021-04-26,73.27596016751231,73.69774249730222,71.46419256456568,73.11299133300781,6077800,0.0,0.0
2021-04-27,73.33346948744375,75.97922808146384,72.96920129151123,75.72998809814453,6143800,0.0,0.0
2021-04-28,75.9025500831463,76.20930422269382,74.761804698456,74.77139282226562,3492300,0.0,0.0
2021-04-29,74.79053549734115,75.84500933830599,74.79053549734115,75.43280792236328,2492200,0.0,0.0
2021-04-30,75.01102720334153,75.41364054616722,74.3400049652987,74.64675903320312,3659500,0.0,0.0
2021-05-03,75.24108682247417,75.82583787527564,74.68510013281487,75.15481567382812,2739900,0.0,0.0
2021-05-04,75.13564803853541,76.26680510311651,75.13564803853541,75.46157836914062,3402100,0.0,0.0
2021-05-05,75.62452609042774,75.96003716841683,74.54130252046492,74.8288803100586,2075500,0.0,0.0
2021-05-06,75.18358019312018,75.6139925255549,74.48379355900433,75.1164779663086,2983500,0.0,0.0
2021-05-07,74.84805908256426,75.68204274554739,74.68509759825643,74.95350646972656,2780700,0.0,0.0
2021-05-10,75.4136378032798,75.82583925268351,74.80012968978502,75.01102447509766,4867400,0.0,0.0
2021-05-11,74.57006598500645,74.87682004179244,73.6689727435004,74.4071044921875,2939200,0.0,0.0
2021-05-12,74.5413096877938,74.73302823262378,72.95960609536854,72.97877502441406,2392700,0.0,0.0
2021-05-13,72.84457019533956,74.31603598239074,72.68160870173594,73.95655822753906,2658300,0.0,0.0
2021-05-14,74.43586903410589,76.15177722600357,74.20580529675928,75.61495208740234,3255300,0.0,0.0
2021-05-17,75.47116172330753,75.90253211588595,74.86723439738512,75.73957061767578,2234000,0.0,0.0
2021-05-18,76.25720835970158,76.39141278732059,75.3177700527757,75.34652709960938,2941000,0.0,0.0
2021-05-19,74.71385992249279,74.77137402369948,73.84152371502462,74.26331329345703,5465700,0.0,0.0
2021-05-20,74.15754985781655,74.86912177849571,73.90753532599648,74.3883285522461,6751500,0.24,0.0
2021-05-21,74.63833799117776,75.29221702771322,74.31139480474909,74.59025573730469,2245000,0.0,0.0
2021-05-24,74.61909881489537,75.32106007388172,74.24408072770261,75.12873840332031,1547500,0.0,0.0
2021-05-25,75.27298278845336,75.59030806357468,74.67680391118283,74.70565032958984,2288600,0.0,0.0
2021-05-26,74.78256225585938,75.22489840350987,74.57101943538798,74.78256225585938,1890100,0.0,0.0
2021-05-27,75.1479612318278,76.05184724989503,74.7056324705778,75.68644714355469,2818900,0.0,0.0
2021-05-28,75.46529195570443,75.68645268435986,74.84025942736712,75.32105255126953,1915000,0.0,0.0
2021-06-01,76.12878769155054,76.7634381883353,75.26817115750369,75.39798736572266,2207600,0.0,0.0
2021-06-02,75.40760613108112,75.73454933239069,74.7825734838923,75.26336669921875,1898600,0.0,0.0
2021-06-03,75.24413378221502,76.37880599723995,74.68641192445388,76.09994506835938,1949900,0.0,0.0
2021-06-04,76.20570903551636,76.84997005150343,76.17686262231109,76.80189514160156,1644000,0.0,0.0
2021-06-07,77.31154158526738,77.70098287100559,76.41726601433015,76.55188751220703,1723600,0.0,0.0
2021-06-08,76.69612946402312,77.84041223382145,76.32591666445695,77.74425506591797,2647600,0.0,0.0
2021-06-09,77.68658140935032,78.06159959217223,77.24425245874818,77.64811706542969,1947300,0.0,0.0
2021-06-10,77.93657649481482,78.42698025048861,76.7249756413115,77.33077239990234,1753200,0.0,0.0
2021-06-11,77.74424876001198,77.87887025142193,76.63842307801224,77.44615936279297,1527800,0.0,0.0
2021-06-14,77.4750217638057,77.6961898803711,77.0519213684576,77.6961898803711,1232700,0.0,0.0
2021-06-15,77.85963960606539,78.1481110784198,77.33364740969719,77.87886810302734,1341500,0.0,0.0
2021-06-16,77.89811473417127,78.1865862465122,77.20577136643803,77.53270721435547,2578100,0.0,0.0
2021-06-17,77.81156375650592,78.07119617292366,76.39322539260482,77.37885284423828,3734700,0.0,0.0
2021-06-18,76.69612808754512,77.09037466977031,75.89320437866263,76.44611358642578,4490800,0.0,0.0
2021-06-21,77.0134523118183,77.98465664332132,76.60958777899127,77.92696380615234,2582700,0.0,0.0
2021-06-22,77.92696032061592,78.6673785976812,77.648099392902,78.2442855834961,1757800,0.0,0.0
2021-06-23,78.50391654363379,78.52315238081569,77.63848727850693,77.71541595458984,1276400,0.0,0.0
2021-06-24,77.78272089782295,78.56160351005448,77.59040655831353,78.2442855834961,1679100,0.0,0.0
2021-06-25,78.37889779814515,78.76353376789478,78.1577297312348,78.51351928710938,2532100,0.0,0.0
2021-06-28,78.46543978752165,78.60967919826895,77.63847499131306,78.52313995361328,1940000,0.0,0.0
2021-06-29,78.55199149190939,79.30202767312967,78.44621640621713,78.92700958251953,1844000,0.0,0.0
2021-06-30,78.70583491249323,79.24432821362483,78.10965611897329,78.62890625,1981700,0.0,0.0
2021-07-01,79.03278466821179,79.2250990042041,78.56160207328385,78.92700958251953,1576100,0.0,0.0
2021-07-02,79.03277922374673,79.75396893851851,78.70583607149652,79.48472595214844,1113100,0.0,0.0
2021-07-06,79.10970548869219,79.3981843271348,78.56160156470851,79.0904769897461,1570300,0.0,0.0
2021-07-07,79.6770525845676,81.39829318343719,79.15779502935088,80.85018920898438,1645300,0.0,0.0
2021-07-08,79.73473308085339,80.70593728396187,79.29240426961614,79.89820098876953,1478100,0.0,0.0
2021-07-09,80.61939481952278,80.78287007210666,80.03283390448267,80.60016632080078,1073300,0.0,0.0
2021-07-12,80.26361257075432,80.66747707081007,80.0424444856829,80.60016632080078,1506700,0.0,0.0
2021-07-13,80.78286898393645,81.14826914530464,80.10014357551829,80.32130432128906,1683000,0.0,0.0
2021-07-14,80.19630597136093,81.71753633662482,80.19630597136093,81.5232925415039,1772100,0.0,0.0
2021-07-15,81.25404007441591,82.13869768492327,81.25404007441591,81.95600128173828,1769100,0.0,0.0
2021-07-16,81.80214498865777,82.26370963353591,81.60983066614588,81.65790557861328,1654800,0.0,0.0
2021-07-19,81.07135977253147,81.16752429669634,79.83091224130091,80.83096313476562,2534100,0.0,0.0
2021-07-20,81.20595329224074,82.97527575078946,80.90786391185507,82.79257202148438,1839200,0.0,0.0
2021-07-21,82.93681767407605,83.57146814814664,82.83873839599946,83.47530364990234,1447700,0.0,0.0
2021-07-22,83.65801652520007,84.28304915041136,83.29261633547625,83.975341796875,2123200,0.0,0.0
2021-07-23,84.69652826756362,85.4061780028172,84.28304583971085,85.11962127685547,1648700,0.0,0.0
2021-07-26,86.48508625554544,86.73509344633158,83.51378035843103,85.63888549804688,3098600,0.0,0.0
2021-07-27,85.60523121953308,85.73119586936633,84.15803898396499,84.8311538696289,1701900,0.0,0.0
2021-07-28,84.63882348689054,85.04269531130463,83.91763375687289,84.55228424072266,1670200,0.0,0.0
2021-07-29,84.95616294510945,85.52350277588059,84.49460554900254,85.45619201660156,2009900,0.0,0.0
2021-07-30,85.42732887257323,86.34084031820133,85.28309678734085,86.11006164550781,1545200,0.0,0.0
2021-08-02,86.23506727101899,87.18703573767614,86.23506727101899,86.4754638671875,1441000,0.0,0.0
2021-08-03,86.64854348871019,88.29285520808624,86.63892557138387,87.77359771728516,1683700,0.0,0.0
2021-08-04,87.50434892278498,88.14860995084013,87.0908665410157,87.3120346069336,1214800,0.0,0.0
2021-08-05,87.6485925730202,87.89860706479296,86.5716132776555,87.2447280883789,1547000,0.0,0.0
2021-08-06,87.53321000231202,87.81207094244301,86.50431283384629,86.67739868164062,1938600,0.0,0.0
2021-08-09,86.36969660966604,86.60047530874387,85.52350315549896,86.28315734863281,1867200,0.0,0.0
2021-08-10,86.43699125421817,87.08125230953794,85.95619810792202,86.41776275634766,1269500,0.0,0.0
2021-08-11,86.45623896827817,87.06203577477766,86.3600744567481,86.95626068115234,1539600,0.0,0.0
2021-08-12,86.95625261885348,86.95625261885348,86.11966986583371,86.7350845336914,1344100,0.0,0.0
2021-08-13,86.79278556451273,87.53320382227201,86.6389282278595,87.17742156982422,2823900,0.0,0.0
2021-08-16,87.26397839544786,88.56211875555356,86.98511741883918,88.36980438232422,2660100,0.0,0.0
2021-08-17,87.9178457251447,88.22555308277069,86.70624479485144,87.25434875488281,1821700,0.0,0.0
2021-08-18,86.99470552845051,88.1966882900654,86.83123763358782,87.02355194091797,2377400,0.0,0.0
2021-08-19,86.35829835834132,87.63096697358009,86.10761908926798,86.96570587158203,1343500,0.24,0.0
2021-08-20,86.60897784416952,87.16818261664484,86.26188573406954,86.79216003417969,3291500,0.0,0.0
2021-08-23,87.2935033925427,87.72736477680161,86.63788589368522,86.69573211669922,2037500,0.0,0.0
2021-08-24,86.63791590902798,87.50564633399429,86.44026477081881,87.12963104248047,2585500,0.0,0.0
2021-08-25,87.51527358789924,88.19017823029507,87.37065799494111,87.86236572265625,2034500,0.0,0.0
2021-08-26,87.6598880907721,88.70116439471751,87.65025195605581,88.51797485351562,1527800,0.0,0.0
2021-08-27,88.80721300047338,89.35581060707288,88.46976441904737,88.71080017089844,1195500,0.0,0.0
2021-08-30,88.71081497543587,89.51104821469981,88.48424074241774,89.05790710449219,867900,0.0,0.0
2021-08-31,89.05790724840308,89.32304073545268,88.5661921721406,88.91328430175781,2124700,0.0,0.0
2021-09-01,88.88435441315113,88.89399054791916,87.69363710060182,88.2190933227539,1711600,0.0,0.0
2021-09-02,88.60476647818363,89.14468434634145,88.36373066478043,88.75902557373047,1547000,0.0,0.0
2021-09-03,88.59510813040619,89.13985133122037,88.29622612576806,88.52761840820312,1313400,0.0,0.0
2021-09-07,88.28659347719997,88.28659347719997,86.0594250151647,86.17511749267578,2056300,0.0,0.0
2021-09-08,85.93407253759923,87.79486902961534,85.84923041568346,87.4670639038086,2312400,0.0,0.0
2021-09-09,87.58277206947488,87.98771783771369,86.8885950864144,87.23568725585938,1610300,0.0,0.0
2021-09-10,87.76596153466606,87.96843074061243,86.96572084747608,87.30317687988281,1494900,0.0,0.0
2021-09-13,88.055200365458,88.421572133959,86.19922176009005,86.72467803955078,2013200,0.0,0.0
2021-09-14,86.97534929097151,87.5731206687856,86.06423434394402,87.1199722290039,2113700,0.0,0.0
2021-09-15,87.33209247539706,87.33209247539706,86.2522494475769,87.11033630371094,2868600,0.0,0.0
2021-09-16,87.11033140659532,87.11033140659532,84.4830428158695,85.03742218017578,3171200,0.0,0.0
2021-09-17,84.13113684820979,84.31431905240974,81.84611483901895,81.97145080566406,11037500,0.0,0.0
2021-09-20,80.98803832381157,81.373697120329,79.32006715510133,80.19744110107422,4458100,0.0,0.0
2021-09-21,80.33241457288882,81.10373210827976,78.9922560559147,79.05974578857422,4208800,0.0,0.0
2021-09-22,80.85304965889578,82.48245402717822,80.13958574771797,81.26763153076172,3488600,0.0,0.0
2021-09-23,81.49900674726273,83.69725161394994,81.01693524646895,82.66561889648438,4250200,0.0,0.0
2021-09-24,82.35710991271723,83.05611225759729,81.5279461769414,81.81719207763672,1874200,0.0,0.0
2021-09-27,81.51831099304987,82.08233388574567,81.03623939014793,81.20978546142578,1614400,0.0,0.0
2021-09-28,80.57344796792637,81.13843447808686,79.75392770853291,80.70842742919922,2440600,0.0,0.0
2021-09-29,80.89161755219341,81.36404566991175,80.1299435264187,80.33241271972656,1784600,0.0,0.0
2021-09-30,80.8723319911706,81.06516505187665,79.32006079267538,79.32970428466797,2354800,0.0,0.0
2021-10-01,79.69608315948228,80.02388832785867,78.14381196610206,79.54181671142578,2530400,0.0,0.0
2021-10-04,79.1657947431078,80.1443994532283,78.65480004984232,78.97296905517578,2474600,0.0,0.0
2021-10-05,79.32970286736031,80.74217650795883,78.91512098903569,80.37097930908203,2080900,0.0,0.0
2021-10-06,79.82141871729014,80.50595952637177,78.29807065187119,79.89855194091797,1916800,0.0,0.0
2021-10-07,80.93019021799206,82.0582361033081,80.77592376060036,81.35440826416016,2487900,0.0,0.0
2021-10-08,80.90126076546639,81.359227321788,79.68643825397298,80.45774841308594,1942600,0.0,0.0
2021-10-11,80.24564585319098,80.50596129386376,78.63552103688349,78.69337463378906,2134100,0.0,0.0
2021-10-12,78.8765487725739,79.23810245393821,78.36555407984488,79.00189208984375,2368900,0.0,0.0
2021-10-13,79.29113907928775,79.33934918427687,78.17273673066688,78.36556243896484,1519300,0.0,0.0
2021-10-14,79.02117737163367,80.49631532023945,79.01153387980848,80.419189453125,2166500,0.0,0.0
2021-10-15,80.91089606739031,81.65329045513934,80.49631419465264,81.08444213867188,1681400,0.0,0.0
2021-10-18,80.66022523924572,80.86173081895419,79.99785490501165,80.33241271972656,1452300,0.0,0.0
2021-10-19,80.98803643673106,81.70150041237476,80.76628024325596,81.39297485351562,1388000,0.0,0.0
2021-10-20,81.59542749540255,83.35981112494645,81.20977614200046,82.39566802978516,2339900,0.0,0.0
2021-10-21,81.16157368369117,82.32818605593641,80.49631253155172,82.28961944580078,1917700,0.0,0.0
2021-10-22,82.78133411009175,83.60085434278557,82.34747262096818,82.55957794189453,2678500,0.0,0.0
2021-10-25,78.18236456577,80.93981456546064,78.18236456577,78.92475891113281,3623700,0.0,0.0
2021-10-26,79.38273524478997,79.638232622848,76.90006926712068,77.39177703857422,3657600,0.0,0.0
2021-10-27,77.77743677644105,77.93170323232529,76.639747409698,76.86150360107422,2896600,0.0,0.0
2021-10-28,76.74579576525977,77.28572094878608,75.78165258389764,77.0543212890625,2435300,0.0,0.0
2021-10-29,76.70724373387269,78.5584045843395,76.6879641031459,77.43035125732422,2870500,0.0,0.0
2021-11-01,77.57495057560685,78.24985513850469,77.25678159691905,78.0184555053711,1846100,0.0,0.0
2021-11-02,78.41377284970238,78.52946533280056,77.27608351231812,78.20166015625,1465500,0.0,0.0
2021-11-03,78.36557114879926,78.88620944606451,76.76027157118892,77.71959686279297,2306700,0.0,0.0
2021-11-04,78.0377488521183,78.92475878400626,77.89312590856889,78.90547180175781,1943200,0.0,0.0
2021-11-05,79.18506679844081,79.74427153813625,78.6355055489685,78.7801284790039,1500900,0.0,0.0
2021-11-08,79.1657941053547,79.43478939509224,78.47450070563788,79.29113006591797,2422400,0.0,0.0
2021-11-09,79.44540999400503,80.6698687577313,79.12724093719162,80.5445327758789,3078900,0.0,0.0
2021-11-10,80.93982027738636,81.42189188679504,80.20707672728204,80.37097930908203,2986300,0.0,0.0
2021-11-11,80.45774101189963,80.69877679366785,79.80212339125696,80.40953826904297,1743500,0.0,0.0
2021-11-12,80.93018096794906,82.57886492477884,80.32276605618159,82.55957794189453,1737600,0.0,0.0
2021-11-15,82.43423645320196,82.52100580288148,80.92727734914615,81.14228820800781,1319100,0.0,0.0
2021-11-16,81.52795412644882,81.94253603476118,81.20014893913788,81.48938751220703,1532800,0.0,0.0
2021-11-17,81.33511950386365,82.95969841330387,81.07962214884274,82.5017318725586,2657800,0.0,0.0
2021-11-18,81.9796290294096,83.55559988341734,81.87327439876614,83.37190246582031,2586400,0.24,0.0
2021-11-19,83.57494360857713,84.91887138882645,83.217204624227,83.40090942382812,2901700,0.0,0.0
2021-11-22,83.39124299966782,83.52660210832843,81.09013077591918,81.40918731689453,1770400,0.0,0.0
2021-11-23,81.21581692511268,81.5783875363855,80.75172329701556,81.03211212158203,1683000,0.0,0.0
2021-11-24,80.8774105316279,81.74758138111773,80.12326492090911,81.66056060791016,1024700,0.0,0.0
2021-11-26,80.18128622539012,81.4382006882298,79.76553827628331,80.43267059326172,1170100,0.0,0.0
2021-11-29,81.32217010033037,81.54454260706626,80.23928990523534,80.80973815917969,1934300,0.0,0.0
2021-11-30,80.32630156627778,80.80972898440436,77.4934166009953,77.7351303100586,2602300,0.0,0.0
2021-12-01,78.99203872286415,80.57768009534367,77.754465688394,77.7834701538086,2247400,0.0,0.0
2021-12-02,78.17989585791689,80.31567819796423,78.17506423846545,80.10393524169922,2224700,0.0,0.0
2021-12-03,80.5873458515799,80.8290595508207,79.20474319686184,80.05558013916016,2236400,0.0,0.0
2021-12-06,80.63570464327768,81.68957300246625,79.93956789611704,81.2254867553711,2046200,0.0,0.0
2021-12-07,82.3180225597949,83.40090266340201,81.91194528713618,82.85945892333984,2093000,0.0,0.0
2021-12-08,82.81112555478269,83.6484193208034,81.89260895285919,83.3525619506836,2923600,0.0,0.0
2021-12-09,83.18819173352041,83.7392987000073,82.34702536298062,83.33322143554688,2406900,0.0,0.0
2021-12-10,83.45892607685202,83.70063983488004,82.9513257096895,83.22688293457031,2379000,0.0,0.0
2021-12-13,83.39123816552463,83.76831100015167,81.98930146001567,82.5500717163086,2502400,0.0,0.0
2021-12-14,82.25033143832776,82.56939526901866,81.28830832815962,81.99894714355469,2178600,0.0,0.0
2021-12-15,82.2310196608863,82.5549151966088,80.71402394901847,82.1053237915039,2011900,0.0,0.0
2021-12-16,82.86912943088794,83.98584561752257,82.38570199933928,83.64261627197266,3345100,0.0,0.0
2021-12-17,82.59841642339698,83.79731446331134,81.23514744030687,81.37051391601562,2875700,0.0,0.0
2021-12-20,80.49067822470953,80.49067822470953,77.90433816598095,79.6011734008789,2440500,0.0,0.0
2021-12-21,80.56802160171455,81.48653081767156,80.0652529165349,81.38984680175781,1415100,0.0,0.0
2021-12-22,81.34150688504283,81.75725482187764,80.86775000984163,81.51554107666016,1014500,0.0,0.0
2021-12-23,82.03762642556701,82.75116424841664,81.6315491892325,82.42436981201172,933100,0.0,0.0
2021-12-27,82.8884738350649,83.67162394369643,82.75310736264856,83.65228271484375,674400,0.0,0.0
2021-12-28,83.62328852794427,83.83599781236735,83.27522013098255,83.59428405761719,730200,0.0,0.0
2021-12-29,83.36223318325945,84.34165769872303,83.36223318325945,83.94234466552734,1229700,0.0,0.0
2021-12-30,83.99068717195698,84.3812958994164,83.43958017826029,83.49758911132812,864300,0.0,0.0
2021-12-31,83.31388067316965,84.66651261504133,83.31388067316965,84.18405151367188,985600,0.0,0.0
2022-01-03,84.30974308604428,85.29593920035025,81.7765880063729,82.73377227783203,2209600,0.0,0.0
2022-01-04,82.56940769215382,83.59427149782591,82.15365980138768,83.36222839355469,1739200,0.0,0.0
2022-01-05,83.66195018912569,84.2178961617526,80.95476099624217,81.05144500732422,2656900,0.0,0.0
2022-01-06,81.39951379912853,82.16333003098511,81.00309976202486,81.90227508544922,1641400,0.0,0.0
2022-01-07,81.60257126807474,82.44373047743095,81.41886644004572,81.56389617919922,2351500,0.0,0.0
2022-01-10,81.03210271698181,81.8829397069919,79.72685014319107,81.85393524169922,1940000,0.0,0.0
2022-01-11,82.37603887447075,83.42991460684848,81.38985007012008,83.3815689086914,2334200,0.0,0.0
2022-01-12,83.84565881301577,84.44510413508328,83.27521058143172,84.06803131103516,2864100,0.0,0.0
2022-01-13,84.20338416568072,84.77383235497491,82.7047635950938,82.91747283935547,3365800,0.0,0.0
2022-01-14,82.04730843709595,82.80628570736236,80.28763279200236,81.38984680175781,2870400,0.0,0.0
2022-01-18,80.29729677551724,81.36083561577557,78.9727029996806,81.10945129394531,2640500,0.0,0.0
2022-01-19,81.40918102274314,81.64123151380737,80.10392836070673,80.34564208984375,2632200,0.0,0.0
2022-01-20,80.82905785959649,81.31248524796311,79.12739138712134,79.4851303100586,3534500,0.0,0.0
2022-01-21,79.48514522446926,81.11913246423137,78.86635864137361,80.35531616210938,2844000,0.0,0.0
2022-01-24,78.97271581032258,80.58736187186919,77.48375824182132,80.47134399414062,4451900,0.0,0.0
2022-01-25,79.02104987039841,80.85806817800633,78.23789242850074,80.2199478149414,4027200,0.0,0.0
2022-01-26,80.80007174525676,81.81527244197311,78.31525469984106,78.8180160522461,3633100,0.0,0.0
2022-01-27,79.57215693526382,80.65502964397473,78.6053020873336,79.87187957763672,3093400,0.0,0.0
2022-01-28,79.48515197785949,80.07493414256382,78.16055791710217,80.0265884399414,4367500,0.0,0.0
2022-01-31,78.60530361599763,82.85462750962145,77.85115062367143,82.5984115600586,4710600,0.0,0.0
2022-02-01,83.00448853672683,83.50725719647868,78.86635090215898,80.79039001464844,4970900,0.0,0.0
2022-02-02,81.04177526769537,81.51746473820135,79.6978475825575,80.51000213623047,2889900,0.0,0.0
2022-02-03,79.92989810699677,80.85807798729505,79.04039331044235,79.13707733154297,2902900,0.0,0.0
2022-02-04,78.56663798562036,80.47134348241241,78.28624915536241,79.70752716064453,3508500,0.0,0.0
2022-02-07,79.8622231013238,80.15228255765741,78.79868405563124,78.95338439941406,1790200,0.0,0.0
2022-02-08,79.32078617467131,81.46720548439579,79.18058806689544,81.28350067138672,3294300,0.0,0.0
2022-02-09,82.09566018827041,82.29289352985649,80.64537771304592,80.99343872070312,2132000,0.0,0.0
2022-02-10,80.13294222327275,80.56803141264267,78.50862547796567,78.84703063964844,1926400,0.0,0.0
2022-02-11,78.89535507435555,79.12739817525326,76.48788853918414,77.00032043457031,2494800,0.0,0.0
2022-02-14,76.9229846350078,77.59011697320729,76.0624842393828,77.106689453125,3899000,0.0,0.0
2022-02-15,78.48927990069876,78.97270734345337,75.94161521195711,76.17849731445312,4126300,0.0,0.0
2022-02-16,76.32353129632013,76.69093351784007,74.89258273997287,76.25585174560547,3305200,0.0,0.0
2022-02-17,75.67396380602293,75.74184993258231,73.8614005273707,73.91861724853516,2253500,0.24,0.0
2022-02-18,73.75374800812584,74.59747447842824,73.06517924866111,74.04468536376953,6320300,0.0,0.0
2022-02-22,73.8022425320188,75.16967268088297,73.58888400674637,73.99620819091797,2481400,0.0,0.0
2022-02-23,74.45199752217673,74.4810979150806,71.92081086790895,72.43480682373047,2771000,0.0,0.0
2022-02-24,71.11101941914852,74.60717317830863,70.89281455684491,74.27743530273438,3807000,0.0,0.0
2022-02-25,74.36472616300928,76.40131733214379,74.15136765403687,76.13947296142578,3005300,0.0,0.0
2022-02-28,74.83023355542188,76.54678689791496,74.83023355542188,75.96490478515625,3918500,0.0,0.0
2022-03-01,75.97460396696943,76.11038362387045,74.24835034633503,75.3054428100586,3501600,0.0,0.0
2022-03-02,75.81943167460201,76.61951864703533,75.69335956108276,76.40131378173828,3266200,0.0,0.0
2022-03-03,77.26445618889865,78.10819022482725,76.32374301527379,76.78925323486328,2660900,0.0,0.0
2022-03-04,75.8485229612651,76.20735382878048,74.3453281682822,75.60607147216797,2967900,0.0,0.0
2022-03-07,75.45090814667688,75.73214536951612,72.0080939606619,72.05658721923828,2768400,0.0,0.0
2022-03-08,71.9693001817261,72.95850641507779,71.26134596673097,71.2807388305664,3249800,0.0,0.0
2022-03-09,72.6772646072877,73.89921485006549,72.5026992298862,72.98760223388672,3050200,0.0,0.0
2022-03-10,72.0565811101442,72.29903258440574,71.08677521309801,71.5716781616211,3981100,0.0,0.0
2022-03-11,71.75594679151737,71.87717254645595,70.0878792197172,70.21395874023438,3290800,0.0,0.0
2022-03-14,71.1158850456132,71.15952454554599,68.92412112757465,69.80664825439453,4014900,0.0,0.0
2022-03-15,70.31093770280955,71.67836776691033,69.77754142269234,71.42621612548828,4655600,0.0,0.0
2022-03-16,72.2602538447804,74.51020367784173,71.76565066710214,73.2203598022461,2692800,0.0,0.0
2022-03-17,72.77423670099513,74.13196646089688,72.72574344566466,74.0834732055664,1868200,0.0,0.0
2022-03-18,74.33564430127377,76.00371209507253,74.20956476397701,75.62548828125,3822500,0.0,0.0
2022-03-21,75.17936004270756,75.80488907429017,74.11257489160455,74.99510192871094,1805000,0.0,0.0
2022-03-22,74.96601277144974,76.2073633671536,74.96601277144974,75.1890640258789,2601700,0.0,0.0
2022-03-23,74.8011343775965,75.26664451479667,73.94770775826758,74.13197326660156,1675300,0.0,0.0
2022-03-24,74.07377550090644,75.13086782967272,73.65675864811405,75.0823745727539,1837900,0.0,0.0
2022-03-25,75.26664491268077,75.4024171619501,74.30653903598123,74.9078140258789,1531900,0.0,0.0
2022-03-28,74.63627222780676,75.6933646628312,74.01559695182344,75.65457153320312,2218200,0.0,0.0
2022-03-29,76.32374679702654,77.08989460114631,75.73216440902311,76.27526092529297,1812200,0.0,0.0
2022-03-30,75.64487155534064,76.27524696477506,75.35392678205308,75.40242004394531,1261600,0.0,0.0
2022-03-31,75.2666471918102,75.97945522157482,74.57808579279914,74.62657165527344,2413400,0.0,0.0
2022-04-01,74.58778151434718,74.9213890891937,73.46280302539304,73.97679901123047,2591900,0.0,0.0
2022-04-04,73.99620485704682,74.43261462159936,73.52099456342927,74.32593536376953,1872600,0.0,0.0
2022-04-05,74.05438475055877,74.25804311717087,72.64816904817562,72.88092041015625,1582900,0.0,0.0
2022-04-06,72.08568877904544,74.04469383433612,71.92082351875051,73.9283218383789,2666000,0.0,0.0
2022-04-07,73.49189283349544,75.63516306963274,73.49189283349544,75.1987533569336,3012100,0.0,0.0
2022-04-08,74.92721428950748,75.83882690616826,74.78174190842387,74.9078140258789,2107000,0.0,0.0
2022-04-11,74.67506972299316,74.92722138080013,73.86043615027833,74.06409454345703,1750400,0.0,0.0
2022-04-12,74.2095468524277,74.85932245180764,73.21064792373701,73.59857177734375,2814200,0.0,0.0
2022-04-13,72.98762023379393,74.19017790855591,72.98762023379393,73.55010223388672,1592600,0.0,0.0
2022-04-14,73.73436219293785,74.17562577768189,72.44451820631714,72.49301147460938,1717000,0.0,0.0
2022-04-18,72.43480969854127,72.80333330059754,70.91221463355149,71.3971176147461,1517100,0.0,0.0
2022-04-19,71.79474760744174,73.20097095470156,71.63958247200523,73.09429168701172,1380400,0.0,0.0
2022-04-20,73.68585569042891,74.06407940029095,73.01668725035059,73.23973846435547,2107800,0.0,0.0
2022-04-21,73.80223656724696,74.31623257347977,72.5802789115587,72.9391098022461,2256200,0.0,0.0
2022-04-22,71.61048761231099,72.37663541270105,71.10619163433783,71.20317077636719,2115500,0.0,0.0
2022-04-25,73.0070026291134,73.73435721014049,70.85403188542787,72.3475341796875,4038900,0.0,0.0
2022-04-26,71.15467392763392,71.73655608907562,70.0103024705509,70.18486785888672,2231400,0.0,0.0
2022-04-27,70.12668258207614,72.10508807924697,70.12668258207614,71.34864044189453,2499900,0.0,0.0
2022-04-28,71.36801788879826,74.20954968116095,71.22255291230397,73.77313995361328,2837400,0.0,0.0
2022-04-29,73.29793682619676,73.6276673037317,70.37881879122622,70.64066314697266,2808100,0.0,0.0
2022-05-02,70.79584586509807,71.8044451050328,69.1762714409385,70.74735260009766,2627400,0.0,0.0
2022-05-03,70.718254389375,71.40681578724602,70.27990608605276,71.1061782836914,2297000,0.0,0.0
2022-05-04,71.70746708298533,74.51020618577729,71.04799862356171,74.28714752197266,2700800,0.0,0.0
2022-05-05,73.21066575262729,73.80224810866258,71.70261686126423,72.42512512207031,2377800,0.0,0.0
2022-05-06,71.98869441855024,72.60936959578174,70.57277130901963,72.328125,2470400,0.0,0.0
2022-05-09,71.07708845722603,71.9499154086169,70.57278515240766,71.09648132324219,2718000,0.0,0.0
2022-05-10,71.63956927481115,72.54148911792795,69.31203347976462,70.5727767944336,2771000,0.0,0.0
2022-05-11,70.51459465740794,71.74625244331601,70.15576376721567,70.69886016845703,3214400,0.0,0.0
2022-05-12,70.33033484992752,72.05659591657435,69.1083844958618,70.79584503173828,2482100,0.0,0.0
2022-05-13,71.60077451631,73.21064853349296,71.2661902822754,72.84212493896484,2601200,0.0,0.0
2022-05-16,72.30873356657483,72.59967832849851,71.35832782248511,72.09537506103516,2101000,0.0,0.0
2022-05-17,72.77424756200477,73.18156433105469,71.62987611631713,73.18156433105469,2742800,0.0,0.0
2022-05-18,72.16326347954801,72.60937332364756,69.8163274836752,70.0296859741211,1899700,0.0,0.0
2022-05-19,69.38703823200058,71.55842181557306,69.33834943660308,70.68207550048828,1780500,0.29,0.0
2022-05-20,71.38316245216875,72.40556786636883,69.57204895944577,71.50975036621094,3017700,0.0,0.0
2022-05-23,72.04527749791788,72.80964847110918,71.20788076308845,71.92843627929688,2473100,0.0,0.0
2022-05-24,72.86320276022633,73.88560056170833,71.30525794687264,73.50585174560547,3071700,0.0,0.0
2022-05-25,72.75609123643493,72.95083154660085,70.86221311893485,71.59736633300781,2854900,0.0,0.0
2022-05-26,72.42503004522266,73.58375504865462,72.13291955476292,73.10663604736328,3380100,0.0,0.0
2022-05-27,73.8563940464213,74.60615990150838,73.3987461089544,74.29457092285156,2837700,0.0,0.0
2022-05-31,73.56428691032853,73.66652298594789,71.79212312053971,72.44451141357422,9765400,0.0,0.0
2022-06-01,72.36660952878744,73.19426706282091,71.64606140339131,72.02581024169922,2384000,0.0,0.0
2022-06-02,72.05502188887955,73.37927693952511,71.71422259544887,73.2624282836914,2133600,0.0,0.0
2022-06-03,72.77556824022389,73.3403255862478,72.14265103718793,73.2137451171875,1415400,0.0,0.0
2022-06-06,73.54480846305265,74.06087703632164,73.10663899526098,73.22348022460938,1019900,0.0,0.0
2022-06-07,72.77557216478003,74.54773597152753,72.4250336158526,74.47957611083984,1582500,0.0,0.0
2022-06-08,73.83692888273085,74.91775486383679,73.21375087564407,74.3335189819336,1926900,0.0,0.0
2022-06-09,74.18747283240756,75.13197915741598,73.768774382008,74.0024642944336,2505100,0.0,0.0
2022-06-10,72.82426040767369,73.05795029555293,71.3442071170808,71.36368560791016,2314500,0.0,0.0
2022-06-13,69.55256753589003,70.30232594678849,68.59832212951582,69.23123931884766,1860400,0.0,0.0
2022-06-14,69.05598479833218,69.33349761652501,66.83591196826427,67.39093017578125,1859400,0.0,0.0
2022-06-15,67.58566100123998,68.90990851205238,66.95274383569426,67.92646026611328,1629300,0.0,0.0
2022-06-16,66.62167991759493,66.68497386616441,65.20979399019767,66.16403198242188,1818700,0.0,0.0
2022-06-17,66.15429901121095,66.93326772591277,65.46296121250542,66.09587097167969,3669400,0.0,0.0
2022-06-21,66.99170808273922,68.26727450921733,66.36853002485155,68.03358459472656,2506000,0.0,0.0
2022-06-22,66.68011171794525,67.30328970727363,66.08614403610608,66.95275115966797,2621800,0.0,0.0
2022-06-23,66.87486218052412,67.69278062954815,66.1348354203104,66.78722381591797,1791000,0.0,0.0
2022-06-24,67.13774890560069,69.03650051535668,66.67036915132064,68.99755096435547,3453500,0.0,0.0
2022-06-27,69.42598595991699,69.49414581436379,67.30814970646689,68.0822525024414,2327700,0.0,0.0
2022-06-28,68.354893106787,68.98781029698944,67.66355530572089,67.95567321777344,1877800,0.0,0.0
2022-06-29,67.67329867123017,68.35489726903367,66.71905320543772,67.94593811035156,2728700,0.0,0.0
2022-06-30,67.15723808353842,69.04625074896167,66.94301923337268,68.81255340576172,2822500,0.0,0.0
2022-07-01,69.1144059205478,70.3461567964354,68.38411848762466,70.01022338867188,2096300,0.0,0.0
2022-07-05,68.53016358482826,69.61098947819609,68.33055735121151,69.49414825439453,1936800,0.0,0.0
2022-07-06,69.58177951109943,69.89336849086638,68.73464349007651,69.38703918457031,2440000,0.0,0.0
2022-07-07,66.84563326258964,68.364628490186,65.58953819789778,68.2477798461914,4386800,0.0,0.0
2022-07-08,68.16015659198688,68.52043437979397,67.0121439796401,68.05304718017578,2485600,0.0,0.0
2022-07-11,68.09198843775843,68.32567829466628,66.89431399198087,67.18643188476562,2116900,0.0,0.0
2022-07-12,67.07934371438795,68.35491023023151,66.7580154164083,67.03065490722656,2430700,0.0,0.0
2022-07-13,66.29062960512111,67.13775831429564,66.04720044889979,66.60221862792969,1635500,0.0,0.0
2022-07-14,65.550592065245,67.20590708264766,65.23900309389154,67.17669677734375,2793600,0.0,0.0
2022-07-15,68.09199595615995,68.3062147773396,67.43960767628914,67.68303680419922,3010100,0.0,0.0
2022-07-18,68.05305586332143,68.63144527512672,66.97222979086101,67.14749908447266,1525900,0.0,0.0
2022-07-19,67.96541473160502,70.03942820404549,67.91672593501505,69.95178985595703,2450500,0.0,0.0
2022-07-20,70.14654050163952,70.84761759974373,69.23124457590708,70.75997924804688,1942400,0.0,0.0
2022-07-21,70.74050516911353,71.19327977549057,70.35101708356943,71.0326156616211,1520900,0.0,0.0
2022-07-22,71.15920924695901,71.36368883671332,69.5038866083458,70.01022338867188,3805300,0.0,0.0
2022-07-25,70.0783836526256,70.7502504719943,69.82521526101496,70.48734283447266,1620800,0.0,0.0
2022-07-26,70.48734179343923,70.87682990657983,69.70836556715801,70.80867004394531,1897800,0.0,0.0
2022-07-27,70.88657268249266,74.59643061567655,70.88657268249266,74.43090057373047,3786500,0.0,0.0
2022-07-28,74.060879296857,75.45329427707712,73.91482775571362,74.83011627197266,2118300,0.0,0.0
2022-07-29,75.06380187120735,76.48543450717223,74.38220328864942,76.11541748046875,2183100,0.0,0.0
2022-08-01,75.26828853897001,76.97229241662836,75.26828853897001,76.22252655029297,2425700,0.0,0.0
2022-08-02,76.11541772493942,76.69964614456086,75.36565928171761,75.42407989501953,2146700,0.0,0.0
2022-08-03,75.8038416133222,77.60521597511851,75.42311952283463,77.14757537841797,2483600,0.0,0.0
2022-08-04,77.48836052838315,77.71231116227946,76.96255272912131,77.41046142578125,2129600,0.0,0.0
2022-08-05,76.83597144910614,77.61980608834806,76.49516473603217,77.23519134521484,1492700,0.0,0.0
2022-08-08,77.70258002862538,77.96061430800177,76.93820900675642,77.19624328613281,1882400,0.0,0.0
2022-08-09,76.82623440307941,77.00150367266902,76.30042659431057,76.78728485107422,1276600,0.0,0.0
2022-08-10,77.89731980998512,78.42799351826248,77.2936129070655,77.7999496459961,1419700,0.0,0.0
2022-08-11,78.58866153839585,79.39684805452673,77.99469385100981,78.48155212402344,1665800,0.0,0.0
2022-08-12,78.92945920869093,79.70843540092315,78.43286912928873,79.60132598876953,1758800,0.0,0.0
2022-08-15,79.12419940699743,79.78632687843591,78.88077029880486,79.40657806396484,2015600,0.0,0.0
2022-08-16,79.10472571462152,79.61106245052878,78.77853158132899,79.18262481689453,1862100,0.0,0.0
2022-08-17,78.40365386415701,78.73472135639294,78.0531227383598,78.46208190917969,1623200,0.0,0.0
2022-08-18,78.70638336823582,78.75524056757095,78.18845082994609,78.579345703125,1183100,0.29,0.0
2022-08-19,78.20799178354908,78.37411968062375,77.19166810121651,77.60211181640625,1212500,0.0,0.0
2022-08-22,76.29262401610816,76.49295868602498,75.33493184322072,75.56947326660156,2493900,0.0,0.0
2022-08-23,75.37402101588272,75.8919610600915,74.81211470699905,75.14926147460938,1680300,0.0,0.0
2022-08-24,75.20788934064787,75.89195726475302,75.03198701224368,75.60855865478516,1676800,0.0,0.0
2022-08-25,75.94082260857421,76.4587552267125,75.6281081529605,76.4001235961914,1881600,0.0,0.0
2022-08-26,76.60533460756463,76.60533460756463,73.45864149786546,73.51728057861328,1482100,0.0,0.0
2022-08-29,73.04820900297399,73.09707366351701,72.20778754039678,72.3836898803711,1441700,0.0,0.0
2022-08-30,72.44232392837725,72.66709093640286,70.58558605692515,71.20124053955078,2247000,0.0,0.0
2022-08-31,71.53349033381271,71.81688894791839,70.19468518957211,70.5758056640625,3350600,0.0,0.0
2022-09-01,70.49762537772911,71.10351284281793,69.69629419136005,71.06442260742188,1653600,0.0,0.0
2022-09-02,71.78758075962222,71.93416729361762,69.82333909776575,70.08719635009766,1565900,0.0,0.0
2022-09-06,70.06764943360626,70.50740904771236,69.31518280671955,70.43900299072266,1597300,0.0,0.0
2022-09-07,70.56603143062563,71.83643798613515,70.09696351724061,71.73871612548828,1751400,0.0,0.0
2022-09-08,71.27941499467708,71.5530391860601,70.77124939150859,71.2500991821289,1883900,0.0,0.0
2022-09-09,71.51394269422161,71.86574732542145,71.11327340924981,71.72893524169922,1803300,0.0,0.0
2022-09-12,72.30549654500591,72.41299281452018,71.2109999182412,72.11982727050781,1693800,0.0,0.0
2022-09-13,70.62465163261535,70.78101254891963,69.14903462741265,69.50083923339844,1756300,0.0,0.0
2022-09-14,69.43244266063734,69.55459684726358,67.73205101469611,68.25975799560547,2097200,0.0,0.0
2022-09-15,68.30862016120795,68.85586851151052,67.12616857247585,67.36070251464844,2129100,0.0,0.0
2022-09-16,66.6180031881929,66.7450483096585,65.49418321789506,66.25643157958984,3782500,0.0,0.0
2022-09-19,65.91440005700237,66.79391174436711,65.86554285285452,66.6961898803711,2338000,0.0,0.0
2022-09-20,66.28575404120714,66.46165637990886,65.36715211068704,66.08053588867188,1842500,0.0,0.0
2022-09-21,66.38347128808931,67.2727498872151,65.49418523326368,65.50395965576172,1579600,0.0,0.0
2022-09-22,65.06420129973432,65.58701728966844,63.86709188068792,63.959922790527344,1981000,0.0,0.0
2022-09-23,63.51040195136709,64.42900381090429,63.28075148648279,64.28241729736328,2551600,0.0,0.0
2022-09-26,63.98925593016744,65.06421134059467,63.37359402398528,63.88175964355469,2415500,0.0,0.0
2022-09-27,64.43878102197219,64.7417210288871,63.1390586444016,63.647216796875,1890500,0.0,0.0
2022-09-28,64.23356888872263,64.72218569693968,63.41757225798343,64.27265167236328,2264400,0.0,0.0
2022-09-29,63.7351644264693,63.87197650791428,62.420784292295,63.03155517578125,1910800,0.0,0.0
2022-09-30,63.06088375109344,63.44200426308558,62.28887203124928,62.347503662109375,2625600,0.0,0.0
2022-10-03,63.246559230870666,64.50719145851157,62.65044614363658,63.95016860961914,1905500,0.0,0.0
2022-10-04,64.94693454892123,65.94371684858602,64.77592316765198,65.52350616455078,2424900,0.0,0.0
2022-10-05,64.90785132979609,66.33461143411806,64.82478737179827,65.89485931396484,1452500,0.0,0.0
2022-10-06,65.68964163144234,66.07076212649221,65.18147600090889,65.27920532226562,1670000,0.0,0.0
2022-10-07,64.66354009905788,64.99580337215407,63.39314099903143,63.774261474609375,1446600,0.0,0.0
2022-10-10,64.30196837574188,64.48763767402326,63.00224600927198,63.52995300292969,841300,0.0,0.0
2022-10-11,63.490867674737295,64.07720633888569,63.01202530218117,63.275875091552734,1449200,0.0,0.0
2022-10-12,63.588583538277554,63.85243330273434,63.09508330489545,63.1097412109375,1637600,0.0,0.0
2022-10-13,61.74161387815081,64.05765999658739,61.06732409371042,63.52995300292969,1946400,0.0,0.0
2022-10-14,63.94039083706528,64.5951355196676,62.37681866379848,62.66021728515625,1632800,0.0,0.0
2022-10-17,63.54949636065157,64.23356431688728,63.33450378742607,63.88175964355469,1688600,0.0,0.0
2022-10-18,65.39647182689053,65.47465230557881,64.49741868907763,65.19125366210938,1637200,0.0,0.0
2022-10-19,64.95671098883372,65.42577888678825,64.16515425122309,64.77103424072266,1552300,0.0,0.0
2022-10-20,64.92740224810626,65.18636855356931,63.19769461481278,63.275875091552734,1923200,0.0,0.0
2022-10-21,63.54949144150687,65.41601095030177,62.83611518269707,65.26942443847656,2351000,0.0,0.0
2022-10-24,65.64078100491452,66.34439041000297,65.26943491031822,65.5528335571289,2518300,0.0,0.0
2022-10-25,65.45509483712237,67.34115555195628,65.45509483712237,67.28251647949219,2567100,0.0,0.0
2022-10-26,67.12617160120423,67.57569811719246,65.25965203467709,66.78413391113281,3656700,0.0,0.0
2022-10-27,66.9502721219485,69.89173971842469,66.84277583575698,68.41612243652344,3016900,0.0,0.0
2022-10-28,68.52361272739542,70.23377127810636,68.25975551866539,70.05786895751953,1918400,0.0,0.0
2022-10-31,69.07086666437026,69.89173925636929,68.64088152244683,69.03177642822266,2551900,0.0,0.0
2022-11-01,69.64743184643524,70.38035700912933,69.11973229031176,69.88197326660156,1885200,0.0,0.0
2022-11-02,69.58879815753676,70.91783634296931,68.60179021342138,68.61156463623047,1782900,0.0,0.0
2022-11-03,67.88841391805984,69.47152745092797,67.54638367674265,68.61156463623047,2035000,0.0,0.0
2022-11-04,69.66697855833462,72.18824283012961,69.66697855833462,71.55303955078125,2299000,0.0,0.0
2022-11-07,71.42598455255833,72.09050355278767,71.03509716299912,72.06118774414062,1777400,0.0,0.0
2022-11-08,72.25664860385116,72.51072395006531,70.94715181463184,71.4944076538086,1528100,0.0,0.0
2022-11-09,71.2989623356484,72.2077898789999,70.88852601431563,70.9569320678711,1743200,0.0,0.0
2022-11-10,72.82343885007914,74.37724402854123,72.82343885007914,73.87885284423828,2643400,0.0,0.0
2022-11-11,73.93749026279532,76.25352888846723,73.89350908891933,75.60855865478516,2984500,0.0,0.0
2022-11-14,75.01244262574832,77.74869184574733,74.97335239258695,75.99944305419922,4193900,0.0,0.0
2022-11-15,76.68352631248314,77.67053439435455,76.40990208123985,76.91806030273438,2349100,0.0,0.0
2022-11-16,76.66396950908205,77.93437611454601,76.54670625397485,76.6151123046875,2169600,0.0,0.0
2022-11-17,75.52634409763495,75.92850095043705,74.26103172059102,75.86964416503906,3420800,0.29,0.0
2022-11-18,76.68376491093518,77.25266646998985,75.93830795366976,76.27180480957031,3697600,0.0,0.0
2022-11-21,75.98735142937436,77.01725164753817,75.33507754951378,76.69357299804688,2068800,0.0,0.0
2022-11-22,77.05648321272156,77.08590786273594,76.11485699536175,76.7524185180664,1916300,0.0,0.0
2022-11-23,76.47779157029531,77.02707175364145,76.0265960649208,76.60530090332031,1898000,0.0,0.0
2022-11-25,77.03687361619401,77.50572236406136,76.72299819271512,77.16438293457031,971100,0.0,0.0
2022-11-28,76.52683058638283,76.86032747336894,74.73676088261533,74.87898254394531,2065800,0.0,0.0
2022-11-29,74.99668550737138,76.13448868388598,74.68281005926062,75.40864562988281,1869000,0.0,0.0
2022-11-30,75.33999517942618,76.66906625902892,74.07468251380416,76.59549713134766,3462100,0.0,0.0
2022-12-01,76.13449299956666,77.39980557618823,75.85984541894301,77.32133483886719,1776700,0.0,0.0
2022-12-02,76.57586886137972,78.62587360512512,76.03639195950447,78.22371673583984,1998300,0.0,0.0
2022-12-05,77.31152438279518,77.74310595611385,76.35027655587129,76.97803497314453,2100200,0.0,0.0
2022-12-06,76.96822443289788,77.70387076177093,76.7524336457541,77.67444610595703,2674000,0.0,0.0
2022-12-07,77.45865060232545,77.96869539993276,76.8603243592705,77.48807525634766,2151300,0.0,0.0
2022-12-08,78.35124065143096,78.46894676559684,77.54203263126351,78.21392059326172,2376700,0.0,0.0
2022-12-09,78.34143083286992,78.46894016662341,76.85542587713499,76.95841217041016,1417200,0.0,0.0
2022-12-12,77.3899837247529,79.07706691743333,77.01725151781447,78.99859619140625,1681200,0.0,0.0
2022-12-13,80.43067241027991,80.43067241027991,79.03785036699165,79.40076446533203,2600900,0.0,0.0
2022-12-14,79.44979573187426,80.37180810171611,78.37084938527804,78.71414947509766,3025900,0.0,0.0
2022-12-15,77.82156057905502,78.04716205373578,76.49739883359659,77.31151580810547,2119400,0.0,0.0
2022-12-16,76.71319815086304,77.22325046207078,76.21295655270427,77.09573364257812,4036900,0.0,0.0
2022-12-19,77.12516458390532,77.50279849156311,76.08741406351339,76.37971496582031,1532700,0.0,0.0
2022-12-20,76.40913514130827,76.76224598531985,76.02659964085933,76.42874908447266,1889800,0.0,0.0
2022-12-21,76.93878185372141,77.61557122992299,76.41892643309568,77.51748657226562,1621700,0.0,0.0
2022-12-22,77.05649136052102,77.27228212795033,75.62443420248552,76.64453125,1379600,0.0,0.0
2022-12-23,76.40913315942277,77.1251580587652,76.25219168465208,76.8603286743164,810400,0.0,0.0
2022-12-27,76.8701338795624,77.45864940102234,76.51702307001027,77.00745391845703,955400,0.0,0.0
2022-12-28,77.09573228201394,77.24286304162662,75.90889045899914,75.918701171875,882800,0.0,0.0
2022-12-29,76.546445851977,77.71367363742286,76.11486432121436,77.55673217773438,957700,0.0,0.0
2022-12-30,77.29190693020198,77.47826556926935,76.06582977384332,76.811279296875,995900,0.0,0.0
2023-01-03,77.4292337592454,77.93927860830527,76.90937819672814,77.60578918457031,1317300,0.0,0.0
2023-01-04,78.25315392156537,79.32229718469132,77.78234444395787,79.22420501708984,1611900,0.0,0.0
2023-01-05,78.96917540143386,79.26342941335335,78.42969848784375,78.59644317626953,2136300,0.0,0.0
2023-01-06,79.43998950159978,80.47970802520156,78.87109538496611,80.28353118896484,1555400,0.0,0.0
2023-01-09,80.41104631621654,81.33796033326621,79.75877238075478,79.91080474853516,1652600,0.0,0.0
2023-01-10,79.82253615965816,80.20507168967931,79.22420982123897,80.10698699951172,1975300,0.0,0.0
2023-01-11,80.65626674694785,80.65626674694785,79.58712352486904,80.33258056640625,2683300,0.0,0.0
2023-01-12,80.43066136725926,81.40171237866362,79.20458421227055,81.31343841552734,2503600,0.0,0.0
2023-01-13,81.0584120327109,81.70578436065723,80.64841255169732,81.65673828125,1272000,0.0,0.0
2023-01-17,81.66654681552173,81.8921408146632,81.28891296762563,81.39190673828125,1946300,0.0,0.0
2023-01-18,81.627318309917,81.80387372917852,80.20506424270431,80.22468566894531,1876300,0.0,0.0
2023-01-19,79.96965047889883,80.20505518353137,78.0962085870896,78.1256332397461,1552100,0.0,0.0
2023-01-20,78.50818266812361,79.29286765105913,77.64502694187996,79.26344299316406,1787600,0.0,0.0
2023-01-23,79.07708115448715,80.21978605158061,78.36104874649106,79.79310607910156,1104400,0.0,0.0
2023-01-24,78.72396621758729,80.94561748456438,78.72396621758729,80.53855895996094,1542900,0.0,0.0
2023-01-25,79.94021913212055,79.94021913212055,78.50816211683909,79.41055297851562,1448800,0.0,0.0
2023-01-26,79.85196071798848,79.90099931672385,78.62588349888202,79.52827453613281,1353100,0.0,0.0
2023-01-27,79.3713255025834,80.0383117456043,78.85147000852226,79.64596557617188,1457100,0.0,0.0
2023-01-30,79.23399759398065,79.9598330711222,78.83184823571654,79.41055297851562,1334300,0.0,0.0
2023-01-31,79.9598468286375,80.65626525878906,79.45961272253714,80.65626525878906,2543400,0.0,0.0
2023-02-01,80.89167566272407,83.49096098786248,80.50914015079077,82.9416732788086,3058700,0.0,0.0
2023-02-02,83.79501077451386,83.9029061543182,82.1863982726424,82.25505828857422,2274200,0.0,0.0
2023-02-03,81.88234410933467,83.22611994908897,81.8381996421762,83.1084213256836,1580500,0.0,0.0
2023-02-06,82.3629489093157,83.22610441449547,81.94117812628217,82.06868743896484,1500100,0.0,0.0
2023-02-07,81.52923062170738,82.21583084718772,80.63664284520176,82.02946472167969,1641500,0.0,0.0
2023-02-08,81.81368260431007,82.41200139035212,81.45076106081976,81.93138122558594,1724200,0.0,0.0
2023-02-09,82.41200050459682,82.63760199858633,80.92109394520324,81.22515869140625,1745200,0.0,0.0
2023-02-10,81.23496553065891,81.83329176512142,80.80338398884834,81.62731170654297,1906000,0.0,0.0
2023-02-13,82.07851358183308,82.99071533136818,81.75482740026675,82.7651138305664,1758700,0.0,0.0
2023-02-14,82.76510304542632,83.2457306402904,82.08831359797648,82.716064453125,1887400,0.0,0.0
2023-02-15,82.62778328095257,83.02994014937933,82.35314321635894,82.95146942138672,1182000,0.0,0.0
2023-02-16,82.13456156864687,82.8432132972745,81.78516169439347,82.27235412597656,1427500,0.29,0.0
2023-02-17,82.53809743949147,83.47311938214041,82.05582351711374,83.42391204833984,1800700,0.0,0.0
2023-02-21,82.57747238410245,82.98100558378492,81.55386516932892,81.7507095336914,2365600,0.0,0.0
2023-02-22,82.4298238943258,82.80383113826097,81.74086120572677,82.05581665039062,1671900,0.0,0.0
2023-02-23,82.12472560227772,82.81368839727752,81.42591833616898,82.64636993408203,1371600,0.0,0.0
2023-02-24,82.3215586421176,82.69556589234915,81.74086258182675,82.31171417236328,1889500,0.0,0.0
2023-02-27,82.43968094864353,83.18769555070114,82.40031057340924,82.67589569091797,1362400,0.0,0.0
2023-02-28,82.64636972699084,83.65028801277946,82.6168438228693,83.28612518310547,2963600,0.0,0.0
2023-03-01,83.13848306211291,84.2112975615316,82.98100157093357,83.88650512695312,1914600,0.0,0.0
2023-03-02,83.79792051701014,84.61975734357844,83.35501696084356,84.31956481933594,1415400,0.0,0.0
2023-03-03,84.64436709244592,85.6876557257797,84.29004123411914,85.55970764160156,1292300,0.0,0.0
2023-03-06,85.52034102796601,85.95340765365968,85.16601515405873,85.28412628173828,1704900,0.0,0.0
2023-03-07,85.44160165354296,85.44160165354296,83.65029082174871,83.79792785644531,1952400,0.0,0.0
2023-03-08,83.87666262332841,84.29004028367142,83.16801091466557,83.99476623535156,1703600,0.0,0.0
2023-03-09,84.30972407842235,84.40814625214381,82.67588745995022,82.82352447509766,1731600,0.0,0.0
2023-03-10,82.80384147318169,82.80384147318169,80.50073090458305,80.85505676269531,1962300,0.0,0.0
2023-03-13,80.07750966773582,81.6768945280343,79.94956158219917,80.64836883544922,2497000,0.0,0.0
2023-03-14,81.83928308958139,82.61683098351315,81.18968326333581,82.1148681640625,2293000,0.0,0.0
2023-03-15,81.0125350427763,81.32749054343915,78.40431332281746,79.88066864013672,2710400,0.0,0.0
2023-03-16,79.14248445765442,80.3530915129506,78.7487882369959,80.22514343261719,1854400,0.0,0.0
2023-03-17,79.89049753995924,79.95939381411601,78.3550905678194,78.77831268310547,3538700,0.0,0.0
2023-03-20,79.40821638780862,80.59914188068683,79.17200168494874,80.49087524414062,1624900,0.0,0.0
2023-03-21,81.34717187786235,81.62275697652592,80.56470543505738,81.01252746582031,1237300,0.0,0.0
2023-03-22,80.8353691294118,81.18969499325897,79.33933243360362,79.36885833740234,1464400,0.0,0.0
2023-03-23,79.03421530761918,80.21923120751387,78.36493400642335,79.0145263671875,1890300,0.0,0.0
2023-03-24,77.91219011113996,79.37870086728803,77.29211611000486,79.23106384277344,1766800,0.0,0.0
2023-03-27,79.81175530410614,80.18577007893757,79.24090368995863,79.71333312988281,1432800,0.0,0.0
2023-03-28,79.65427584212503,80.46134962978952,79.49679436690755,80.43182373046875,1217200,0.0,0.0
2023-03-29,81.22905611654038,81.75070038192237,80.84520439261284,81.52433013916016,1531400,0.0,0.0
2023-03-30,81.79992916176866,82.32157351604519,81.38950255568109,81.81961059570312,1189600,0.0,0.0
2023-03-31,82.27235079056868,83.13848398339124,82.08042491427385,83.06958770751953,2608900,0.0,0.0
2023-04-03,82.94163034422317,83.463282146536,82.4495119530505,82.87273406982422,1382200,0.0,0.0
2023-04-04,82.77431957145537,83.37470466510742,78.98500910976043,79.35901641845703,2606800,0.0,0.0
2023-04-05,78.84720911778335,79.201534959634,77.82360196456264,78.13855743408203,1723500,0.0,0.0
2023-04-06,77.84328717742446,77.85313164826815,76.65236151579434,77.25274658203125,1826200,0.0,0.0
2023-04-10,76.72125260305629,77.90234122307022,75.67796403813828,77.88265228271484,1235800,0.0,0.0
2023-04-11,78.30587678751873,78.90626183151426,77.99092131436785,78.51256561279297,1407100,0.0,0.0
2023-04-12,78.8865840690621,79.99876899273653,78.6011544849408,79.45744323730469,1327500,0.0,0.0
2023-04-13,79.3885502010303,80.018461202356,78.29604666548353,79.88066864013672,1565200,0.0,0.0
2023-04-14,79.69857672542588,80.70742098962239,79.48696940892141,79.97908782958984,926000,0.0,0.0
2023-04-17,80.25466563142601,81.1109543086569,80.20545079019082,81.0814208984375,1312700,0.0,0.0
2023-04-18,81.49481415319336,81.92787326082225,80.74679204491619,80.99285125732422,2024100,0.0,0.0
2023-04-19,80.3826132537021,81.20937602519354,80.3284799323001,81.19953155517578,1143400,0.0,0.0
2023-04-20,80.9731654071114,81.51449869873193,80.43183962462238,81.44560241699219,1905100,0.0,0.0
2023-04-21,81.94756291246219,82.15425175157878,80.6188446557805,81.42591857910156,1042500,0.0,0.0
2023-04-24,81.27827512650354,82.15424526031703,81.1896899115208,81.7408676147461,1715400,0.0,0.0
2023-04-25,81.68180485558041,82.13947884389893,81.19953095609466,81.34716796875,2137700,0.0,0.0
2023-04-26,80.60899863428074,82.15425017149734,80.26451724237853,80.58930969238281,2947600,0.0,0.0
2023-04-27,81.52433504523586,84.56562311924264,80.78615745339373,84.52625274658203,2353000,0.0,0.0
2023-04-28,84.85105781643975,85.27427996170165,83.66013213073329,83.95540618896484,1973800,0.0,0.0
2023-05-01,84.28019831861671,85.01837595223144,84.01445767453315,84.59515380859375,1347200,0.0,0.0
2023-05-02,84.5164168030376,84.99869073295886,83.38946146080758,84.9002685546875,1290800,0.0,0.0
2023-05-03,85.40221923740935,85.54985625129277,84.12763445217243,84.19161224365234,1370300,0.0,0.0
2023-05-04,84.68373935436978,84.83137638348555,83.73887288081254,83.95540618896484,1857800,0.0,0.0
2023-05-05,84.79200312533581,85.33332886817911,84.29004024706248,84.60499572753906,1478000,0.0,0.0
2023-05-08,84.69357163595235,84.9789936729308,84.09318664398774,84.40814208984375,1546200,0.0,0.0
2023-05-09,84.30972366943203,84.30972366943203,83.73886455183413,84.10302734375,1293100,0.0,0.0
2023-05-10,84.65420503035129,84.68373093141145,82.76446476206617,84.10302734375,1871500,0.0,0.0
2023-05-11,83.50264108811194,83.68964847089663,82.75462657523394,83.2073745727539,1323100,0.0,0.0
2023-05-12,83.55186163862153,83.98492823503281,82.55286188391624,83.06958770751953,1437400,0.0,0.0
2023-05-15,83.1286339753747,83.34516725915647,82.66604150713736,83.17784881591797,1390000,0.0,0.0
2023-05-16,82.71526553639708,82.71526553639708,81.48398578125774,81.63260650634766,1812900,0.0,0.0
2023-05-17,82.11487698110946,82.75463240649412,81.55386230235419,82.4298324584961,2546300,0.0,0.0
2023-05-18,82.60771661220096,83.64044237639906,81.92583004213641,83.50702667236328,2172300,0.34,0.0
2023-05-19,84.23833186219936,84.23833186219936,82.93384365082804,83.56632232666016,2092800,0.0,0.0
2023-05-22,83.32912703107871,83.81336676521993,82.62747138454053,83.09194946289062,1553300,0.0,0.0
2023-05-23,82.31123902918075,82.6175937279849,80.96722013029742,81.27357482910156,2892200,0.0,0.0
2023-05-24,81.0166363875341,81.14411830569675,79.97897217715726,80.14697265625,1987500,0.0,0.0
2023-05-25,80.41380624058007,80.59169132322816,79.75167382532673,80.47309875488281,2541800,0.0,0.0
2023-05-26,80.4236794502889,80.96721927118011,79.95920887758308,80.82886505126953,2736400,0.0,0.0
2023-05-30,80.98698444787196,81.06604615975364,79.94932775344915,80.27545166015625,1823500,0.0,0.0
2023-05-31,79.94932587331253,80.12721095099317,78.15071343887044,78.5756607055664,6744600,0.0,0.0
2023-06-01,78.79307304187519,80.77944752228112,78.10129442036356,80.55215454101562,2415100,0.0,0.0
2023-06-02,82.16299483977274,84.93997122420194,82.16299483977274,84.59408569335938,3155200,0.0,0.0
2023-06-05,84.52491563477442,84.52491563477442,83.09195794191731,83.53666687011719,1683900,0.0,0.0
2023-06-06,83.50701949822455,84.69291498407864,83.4576040447558,84.51502990722656,1431500,0.0,0.0
2023-06-07,84.30750784964532,86.44212900671982,84.10986109350455,86.16542053222656,2151400,0.0,0.0
2023-06-08,86.1851723043839,86.46682681629926,84.98642910785792,85.07833099365234,1503700,0.0,0.0
2023-06-09,84.87079736207683,84.95974366754423,83.8627869851291,84.65338897705078,2064800,0.0,0.0
2023-06-12,84.68303384105917,85.651513348526,84.1889094891608,85.48351287841797,1570700,0.0,0.0
2023-06-13,85.7404610297233,86.68917889583808,85.6218684690567,86.17528533935547,1724000,0.0,0.0
2023-06-14,86.65953638496859,87.01530654260107,85.77999558963819,86.48165130615234,1854200,0.0,0.0
2023-06-15,86.37294683421146,87.68731955088785,86.13576923277226,87.49954986572266,1495900,0.0,0.0
2023-06-16,87.82566783572352,88.25061509356617,87.07459668563757,87.57860565185547,3054200,0.0,0.0
2023-06-20,86.69906484590504,87.03012726738754,85.73057776804293,86.05670166015625,1541400,0.0,0.0
2023-06-21,85.71082201465862,86.62989370317744,85.30563638629204,85.97764587402344,2063700,0.0,0.0
2023-06-22,85.98753482591268,85.98753482591268,84.79175461833937,85.05857849121094,1542600,0.0,0.0
2023-06-23,84.26796945254642,85.54281127291671,83.8034988631893,85.35504913330078,2143100,0.0,0.0
2023-06-26,85.38469684842153,86.35614709657888,85.38469684842153,86.09623718261719,1023200,0.0,0.0
2023-06-27,86.4717610223841,86.8967082638551,85.92822122291915,86.70893859863281,1052900,0.0,0.0
2023-06-28,86.86706772029758,86.86706772029758,86.13576574727068,86.48165130615234,962000,0.0,0.0
2023-06-29,86.02705989152072,87.59837184317784,85.6811667844104,87.5687255859375,1107000,0.0,0.0
2023-06-30,88.29013611944116,89.05109184828413,87.96401977539062,87.96401977539062,2776000,0.0,0.0
2023-07-03,87.39084050275558,87.60825644217125,86.84236212458963,87.5687255859375,689400,0.0,0.0
2023-07-05,86.88682329300056,87.3611859832021,86.33340643754806,86.51129150390625,1549900,0.0,0.0
2023-07-06,85.94799535206309,86.23458839552627,85.0289237091431,85.37480926513672,1591800,0.0,0.0
2023-07-07,85.1079848422345,86.31364198070732,85.00915393570068,85.83928680419922,2034100,0.0,0.0
2023-07-10,85.9480016607305,86.55577257799739,85.54281602272577,86.25435638427734,1585500,0.0,0.0
2023-07-11,86.71883484407212,87.05483582724166,86.2543566875517,86.40259552001953,1337900,0.0,0.0
2023-07-12,87.16353255444734,88.37908177614489,86.22469930286202,87.66754150390625,2499900,0.0,0.0
2023-07-13,87.78613475323993,88.36919787329356,87.4876817125297,88.013427734375,1250200,0.0,0.0
2023-07-14,87.71696005348834,87.91460678509672,86.86706553604114,87.67742919921875,930300,0.0,0.0
2023-07-17,87.42048815199625,88.13202849605385,87.08448717826906,87.49954986572266,1373700,0.0,0.0
2023-07-18,87.61813169500572,88.30990275595592,87.14376901054052,87.48965454101562,1859900,0.0,0.0
2023-07-19,86.52117417383982,87.43036114174745,85.92821893936711,87.0449447631836,1783000,0.0,0.0
2023-07-20,85.47363205334706,86.48164999797103,84.80162260351095,85.83928680419922,2714300,0.0,0.0
2023-07-21,86.25434718301311,86.81764865252737,85.8195153329532,86.22470092773438,1788400,0.0,0.0
2023-07-24,86.50141089367027,86.87200417068969,85.9776402685078,86.20494079589844,1300200,0.0,0.0
2023-07-25,85.48352104792004,86.77812456090007,85.12775087737377,86.54094696044922,2330300,0.0,0.0
2023-07-26,84.92022102846663,89.9602884802192,84.22844987342337,89.663818359375,4285500,0.0,0.0
2023-07-27,90.25676867167408,90.25676867167408,87.97390871653793,88.61627197265625,3478200,0.0,0.0
2023-07-28,89.45627662545117,89.75275427659767,88.06778829005273,88.99180603027344,2465400,0.0,0.0
2023-07-31,89.12027283101321,90.16781409628707,89.04121112124999,89.89110565185547,1961900,0.0,0.0
2023-08-01,89.1103853135197,89.8614564521894,88.80403062289652,89.16968536376953,1500100,0.0,0.0
2023-08-02,88.46803109476247,88.9671015745548,87.69719822112141,88.33956146240234,1594600,0.0,0.0
2023-08-03,88.17155537322755,89.07085782211965,87.85531607233565,88.56685638427734,1554600,0.0,0.0
2023-08-04,88.8435672460283,88.8435672460283,87.29201695575154,87.46990203857422,1135000,0.0,0.0
2023-08-07,87.8948494941011,89.21909924908773,87.8948494941011,89.1400375366211,1671100,0.0,0.0
2023-08-08,88.46803026488816,88.61626909452245,87.35131182249124,87.89485168457031,1651500,0.0,0.0
2023-08-09,87.78613723944,88.13202278992354,86.89671186695406,86.96588897705078,1713300,0.0,0.0
2023-08-10,87.09435967585497,87.93437714565457,86.46188107865171,86.74847412109375,1628800,0.0,0.0
2023-08-11,86.29388144969548,86.83742128376825,85.98752674671246,86.38282775878906,1559200,0.0,0.0
2023-08-14,86.1851773504847,86.25435446522198,85.44399074698235,86.02706146240234,2050800,0.0,0.0
2023-08-15,85.41433880574948,85.85904772236405,84.31738210237806,84.7324447631836,2251800,0.0,0.0
2023-08-16,84.6039757183068,85.1821003297435,83.96161252568614,84.2679672241211,2331600,0.0,0.0
2023-08-17,84.70454812161654,85.36932369051618,83.24600548214276,83.2658462524414,2218000,0.34,0.0
2023-08-18,82.5316081623213,83.84131839540527,82.5316081623213,83.07732391357422,1949600,0.0,0.0
2023-08-21,83.04755472071245,83.19638698335066,82.333173485911,82.86895751953125,1660300,0.0,0.0
2023-08-22,83.34522409082355,83.57343458279108,82.11489195001386,82.30340576171875,1955700,0.0,0.0
2023-08-23,82.57130181597992,83.36506127887846,82.0553509736686,83.1963882446289,1663100,0.0,0.0
2023-08-24,82.81934595908054,83.66271862786475,82.15457047885604,82.19425201416016,1902000,0.0,0.0
2023-08-25,82.89872701700625,83.63295656411705,82.18929653783164,83.21623229980469,2107900,0.0,0.0
2023-08-28,83.5039780686014,84.34238495128206,83.44444061988773,83.98023223876953,1158000,0.0,0.0
2023-08-29,83.90085315294871,85.08157953623525,83.61311279189891,84.84345245361328,1589000,0.0,0.0
2023-08-30,85.26017105658391,85.95471148872937,84.66484960475596,84.99227905273438,1583400,0.0,0.0
2023-08-31,85.1113434742324,85.89518633064701,84.86329222485777,84.88314056396484,1922300,0.0,0.0
2023-09-01,85.28993651410453,85.82076979542275,85.01212033955117,85.49829864501953,1188600,0.0,0.0
2023-09-05,85.3990834227319,85.58760479372886,83.51389242253248,83.69248962402344,1814500,0.0,0.0
2023-09-06,83.57342887378765,84.3175826094788,83.34521839740945,83.732177734375,2179300,0.0,0.0
2023-09-07,83.11700927258502,84.05960856174191,82.28356070862151,82.32324981689453,2377800,0.0,0.0
2023-09-08,82.36294163649431,82.74990099249057,81.807301672304,82.06527709960938,1922700,0.0,0.0
2023-09-11,82.5018426673939,82.90864275836886,81.87674870747004,82.34308624267578,1346000,0.0,0.0
2023-09-12,81.78745627973822,82.33317204320814,81.71800223438052,81.94620513916016,883300,0.0,0.0
2023-09-13,81.98590031159674,82.02558942186911,80.14039831851173,80.6563491821289,1579400,0.0,0.0
2023-09-14,81.27151492339512,81.6783150357327,80.29915069574157,81.04330444335938,1538800,0.0,0.0
2023-09-15,80.67618469754797,81.14252225046936,80.0808632220854,80.4876708984375,3551900,0.0,0.0
2023-09-18,80.45789730991712,81.2814292510431,80.3090726204922,80.75556182861328,1692200,0.0,0.0
2023-09-19,80.31899036264296,81.79738123796626,80.28922542433448,81.5394058227539,2322200,0.0,0.0
2023-09-20,81.7676130406722,82.0950349189389,80.93415695163695,81.06314086914062,1432000,0.0,0.0
2023-09-21,80.89447771380004,81.19214226117958,80.15032391527507,80.29915618896484,2768900,0.0,0.0
2023-09-22,80.30906975862631,80.89446703596508,80.08085929310192,80.19000244140625,1361500,0.0,0.0
2023-09-25,79.75343606125709,80.51743815890579,79.5252331478778,80.3189926147461,1074200,0.0,0.0
2023-09-26,79.84273824802487,80.085823630365,78.5925578176918,78.67193603515625,3357400,0.0,0.0
2023-09-27,78.78108148052117,79.3069489391352,78.51318188127618,78.7314682006836,3145700,0.0,0.0
2023-09-28,78.91006019467635,80.34876194571493,78.52310086127503,79.84273529052734,1647900,0.0,0.0
2023-09-29,80.39837167574252,80.51743900348728,79.34663677539629,79.6839828491211,1763900,0.0,0.0
2023-10-02,79.43592715840904,79.90226470363332,78.5429487449158,78.88029479980469,1621100,0.0,0.0
2023-10-03,78.64216643655499,79.4557741925509,78.4338043054988,78.78107452392578,1645200,0.0,0.0
2023-10-04,78.9398258543,79.5153065599764,78.1718647100238,79.43592834472656,1463200,0.0,0.0
2023-10-05,79.39623946714889,79.67406322132828,78.2452856223845,78.52310180664062,1197200,0.0,0.0
2023-10-06,78.40403967469315,79.45578217463043,77.79880155887457,78.91999053955078,2133500,0.0,0.0
2023-10-09,78.49333370735746,79.3267822265625,78.08652604684812,79.3267822265625,1506800,0.0,0.0
2023-10-10,79.53514892554257,80.2892192040144,79.31686263496078,79.67405700683594,1615900,0.0,0.0
2023-10-11,79.7236708005113,80.43805961675739,79.7236708005113,80.40829467773438,1576300,0.0,0.0
2023-10-12,80.72579981025513,80.74564057958828,79.44585444544823,79.81297302246094,1598400,0.0,0.0
2023-10-13,79.96179346745775,80.16023899985957,79.10353830334861,79.37639617919922,1767900,0.0,0.0
2023-10-16,80.02133913226241,80.41127347785117,79.46569915438272,79.88243103027344,1212200,0.0,0.0
2023-10-17,79.50538184779094,80.64641908196661,79.36151545731568,80.43805694580078,1172400,0.0,0.0
2023-10-18,79.8228856059937,79.87249888171554,78.19567008530167,78.23535919189453,2440300,0.0,0.0
2023-10-19,78.17583112746968,79.3069441968314,77.45549237243814,77.56066131591797,2441600,0.0,0.0
2023-10-20,77.63011618376534,77.82856172342726,76.8016259267255,76.92565155029297,2008100,0.0,0.0
2023-10-23,76.70736943038771,77.49121232252818,76.13189625875154,76.31049346923828,1822200,0.0,0.0
2023-10-24,76.98518413772229,77.40191600072296,76.05251656320551,76.66767883300781,2970400,0.0,0.0
2023-10-25,74.51459528561222,76.29560147489285,72.74847156599729,74.8817138671875,2910800,0.0,0.0
2023-10-26,75.15953067704717,75.87391950655143,74.67335233416038,74.93132019042969,1687000,0.0,0.0
2023-10-27,74.64358331345527,76.01282344852632,74.57412926826883,75.5464859008789,2331100,0.0,0.0
2023-10-30,76.10212350375306,76.37498140360773,75.18929668416989,75.94337463378906,1942500,0.0,0.0
2023-10-31,75.98306024652156,76.79666803868919,75.87391709160318,76.60814666748047,2165100,0.0,0.0
2023-11-01,76.786746295368,77.08441083090028,75.62586823265457,76.21126556396484,2392200,0.0,0.0
2023-11-02,77.27292416563445,78.15598602707726,76.90581315330284,78.03692626953125,1974400,0.0,0.0
2023-11-03,79.0192084304544,79.96180018631524,78.93883855082274,79.18788146972656,2600600,0.0,0.0
2023-11-06,79.02913312987474,79.94195995197087,78.8207709793913,79.69390869140625,2205100,0.0,0.0
2023-11-07,79.2970269759428,79.72367545667859,78.91999177642528,79.24742126464844,1841700,0.0,0.0
2023-11-08,79.30694556016799,80.56704257316326,79.10850758911977,80.21977233886719,2355500,0.0,0.0
2023-11-09,80.56703997485442,80.88454526024597,79.86257535945204,80.02133178710938,1762100,0.0,0.0
2023-11-10,80.23961777789447,81.65847117238661,80.011407306506,81.39057159423828,2053400,0.0,0.0
2023-11-13,81.20205459761877,81.50964329907274,80.57696816485324,81.14252471923828,1250800,0.0,0.0
2023-11-14,82.35301518316727,83.54365815784611,81.78745863470631,83.28569030761719,2133500,0.0,0.0
2023-11-15,83.49404950013928,83.98022781446711,82.9185688024074,82.94833374023438,1852100,0.0,0.0
2023-11-16,82.92841057765371,83.81507848602412,82.89852409098619,83.60586547851562,1426900,0.34,0.0
2023-11-17,84.11396003555889,84.34310243877135,83.73538519637745,84.22354888916016,1775300,0.0,0.0
2023-11-20,84.22354558265351,84.7615251335295,83.34684238909765,84.48257446289062,1667500,0.0,0.0
2023-11-21,84.29328372878213,84.96077392314766,84.03924099533022,84.58219909667969,1346200,0.0,0.0
2023-11-22,84.82130337344579,85.07036757353245,84.28332378915826,84.62205505371094,1003300,0.0,0.0
2023-11-24,84.0641465471917,84.93089270464276,83.96452238676699,84.7216796875,788800,0.0,0.0
2023-11-27,84.12392333227817,85.11021539744785,83.90474562872139,84.88107299804688,1423100,0.0,0.0
2023-11-28,84.83126805391531,84.84123275015105,83.92467071736702,83.98445129394531,1637800,0.0,0.0
2023-11-29,84.56227229789245,84.89103885773497,83.93463326614979,84.01433563232422,1714500,0.0,0.0
2023-11-30,84.23351576240975,85.54857443878008,83.67560678397287,85.4688720703125,2903000,0.0,0.0
2023-12-01,85.47883678690103,86.63449072661092,85.21482934202108,86.42527770996094,1662500,0.0,0.0
2023-12-04,85.80759128719998,86.94332337606556,85.79264804399143,86.91343688964844,1516500,0.0,0.0
2023-12-05,86.58467878940816,86.9034806490512,85.36924432425786,85.5186767578125,1803700,0.0,0.0
2023-12-06,85.99688553321519,86.61456747733702,85.64819717799969,86.12639617919922,2032700,0.0,0.0
2023-12-07,86.49501419938684,86.86363194796918,85.90722634171794,86.33561706542969,1678700,0.0,0.0
2023-12-08,86.37546161159074,87.44145608469178,86.37546161159074,87.17247009277344,3062900,0.0,0.0
2023-12-11,87.32190662674121,88.18864514432512,87.17246659241562,88.1786880493164,1447900,0.0,0.0
2023-12-12,88.35801483877336,88.99561855971949,87.94954591709816,88.70670318603516,1616400,0.0,0.0
2023-12-13,88.72662904810964,89.51367283994836,88.13884117873177,89.07532501220703,3047400,0.0,0.0
2023-12-14,89.8225114582861,90.68924995882,89.46385842329423,90.33059692382812,3603800,0.0,0.0
2023-12-15,89.93209649944062,90.19112539137684,89.3891383766503,89.85240173339844,5291100,0.0,0.0
2023-12-18,89.82251183429241,89.892249502453,88.52737502464069,89.15501403808594,3078700,0.0,0.0
2023-12-19,89.55351757485633,90.06161063949361,89.13509156907773,89.48377990722656,2702800,0.0,0.0
2023-12-20,88.98565548640236,89.543556852194,87.88977454609623,87.93958282470703,1995800,0.0,0.0
2023-12-21,88.61703608577201,88.87606497255344,87.76025466097157,88.06909942626953,2394000,0.0,0.0
2023-12-22,88.33808806001507,89.13509653519075,87.97943500626961,88.77644348144531,1628300,0.0,0.0
2023-12-26,88.83621741105016,89.51865849053218,88.19861366439505,89.29449462890625,1788800,0.0,0.0
2023-12-27,89.30445313631327,89.86235447576442,89.1002186813943,89.27456665039062,1421600,0.0,0.0
2023-12-28,89.21479700839048,89.66310951563426,89.08527876344398,89.33434295654297,908900,0.0,0.0
2023-12-29,89.22475314912018,89.58340619141326,89.00557544540375,89.13509368896484,1091700,0.0,0.0
2024-01-02,88.04916788734671,88.8162898331133,87.73036603478852,88.09898376464844,1660600,0.0,0.0
2024-01-03,87.82003542636227,88.03921313097433,87.1425805215777,87.32190704345703,2146300,0.0,0.0
2024-01-04,87.65067144456235,88.08901924216914,87.25216722787238,87.35179138183594,2128300,0.0,0.0
2024-01-05,87.1625046897034,87.74033545383324,86.94332697911372,87.18243408203125,1930600,0.0,0.0
2024-01-08,87.20235228310612,87.61082119981175,86.89351512226534,87.23223876953125,3187600,0.0,0.0
2024-01-09,86.68430351319302,86.87358713054738,86.09650806762966,86.57471466064453,2953900,0.0,0.0
2024-01-10,86.3455727349782,86.91842494024186,86.15628911658182,86.6743392944336,5041500,0.0,0.0
2024-01-11,86.67434118293352,86.80883797852046,85.39913370120344,85.79763793945312,3190300,0.0,0.0
2024-01-12,86.19613576247872,86.35354908120823,85.3991348758529,85.88729858398438,2387800,0.0,0.0
2024-01-16,85.48879271330368,86.48504950325324,85.31943088321293,86.33561706542969,1929100,0.0,0.0
2024-01-17,85.55852528067615,85.99688067437195,85.10024809673767,85.13013458251953,1864200,0.0,0.0
2024-01-18,85.28954510242849,86.75404381192416,85.28954510242849,86.64445495605469,2168600,0.0,0.0
2024-01-19,86.81381230575697,87.6805584117506,86.07658444137876,87.451416015625,2025200,0.0,0.0
2024-01-22,87.69051935156197,88.27831481036574,87.5311222175238,87.61082458496094,1599700,0.0,0.0
2024-01-23,88.03920957719245,88.37793321549388,87.33186821411978,88.00931549072266,1760900,0.0,0.0
2024-01-24,88.56722513579962,88.5722036831667,87.64070606953292,87.68055725097656,2174100,0.0,0.0
2024-01-25,88.47755745972069,88.98565051853583,88.04916676323647,88.64692687988281,1747300,0.0,0.0
2024-01-26,88.76647492094529,89.05539029059803,88.16374384355393,88.29823303222656,1640100,0.0,0.0
2024-01-29,87.98939994201709,89.08528089774043,87.93958406186943,88.98565673828125,1485400,0.0,0.0
2024-01-30,88.82625679171178,89.6631088256836,88.46760374834219,89.6631088256836,2581000,0.0,0.0
2024-01-31,90.81378113115248,91.78015137670712,87.55103881577539,88.10894775390625,4270400,0.0,0.0
2024-02-01,88.80632690570275,89.24468231201172,87.2422040978154,89.24468231201172,3526400,0.0,0.0
2024-02-02,89.47381696737793,90.91340767806987,88.95576679779609,90.62947845458984,2051500,0.0,0.0
2024-02-05,89.66310628252818,90.8785407171584,89.55351743344934,90.54977416992188,1580000,0.0,0.0
2024-02-06,90.88850670266216,91.63569926562086,90.519888968635,91.5958480834961,1546500,0.0,0.0
2024-02-07,91.55600140277916,92.10393808205367,91.1375753711507,91.42648315429688,2226200,0.0,0.0
2024-02-08,91.3069328714868,91.46632999942544,90.1313495997004,90.52985382080078,1441200,0.0,0.0
2024-02-09,90.52985407116849,90.7490241725858,89.9420586332318,90.73906707763672,2087200,0.0,0.0
2024-02-12,90.58963131495916,91.31191597628232,90.58963131495916,90.9980926513672,1942000,0.0,0.0
2024-02-13,90.47007556641746,90.59959381207608,89.03547097484824,89.75276947021484,1871800,0.0,0.0
2024-02-14,90.45015430971333,90.5796649553012,89.88228824700329,90.49000549316406,1668500,0.0,0.0
2024-02-15,91.37000274658205,92.26000213623048,90.94000244140624,92.22000122070312,2604600,0.34,0.0
2024-02-16,92.2699966430664,92.79000091552734,91.16000366210938,91.23999786376952,1967600,0.0,0.0
2024-02-20,90.80999755859376,91.36000061035156,90.5,91.0199966430664,2790000,0.0,0.0
2024-02-21,91.4000015258789,91.73999786376952,90.80999755859376,91.68000030517578,2771000,0.0,0.0
2024-02-22,92.75,92.93000030517578,91.65499877929688,92.41000366210938,1785100,0.0,0.0
2024-02-23,92.70999908447266,93.83499908447266,92.6500015258789,93.5199966430664,1671400,0.0,0.0
2024-02-26,93.0999984741211,93.91999816894533,92.9800033569336,93.81999969482422,1613400,0.0,0.0
2024-02-27,94.12999725341795,94.29000091552734,93.22000122070312,93.8499984741211,1356200,0.0,0.0
2024-02-28,93.8499984741211,95.08000183105467,93.73999786376952,94.91999816894533,1501700,0.0,0.0
2024-02-29,95.38999938964844,95.56999969482422,94.58000183105467,95.3000030517578,2401600,0.0,0.0
2024-03-01,95.19000244140624,95.83000183105467,94.6500015258789,95.68000030517578,1698900,0.0,0.0
2024-03-04,95.5999984741211,95.83999633789062,95.16999816894533,95.38999938964844,1292300,0.0,0.0
2024-03-05,95.22000122070312,95.48999786376952,93.98999786376952,94.54000091552734,1491400,0.0,0.0
2024-03-06,95.0,95.69000244140624,94.76000213623048,95.19000244140624,1086800,0.0,0.0
2024-03-07,95.62999725341795,97.11000061035156,95.41000366210938,96.94000244140624,1659500,0.0,0.0
2024-03-08,97.12999725341795,97.68000030517578,96.79000091552734,97.62999725341795,2389600,0.0,0.0
2024-03-11,97.41000366210938,97.87999725341795,95.8550033569336,96.30999755859376,1880400,0.0,0.0
2024-03-12,96.43000030517578,97.6449966430664,96.12999725341795,97.4499969482422,1450700,0.0,0.0
2024-03-13,97.47000122070312,98.37000274658205,96.80999755859376,98.3000030517578,2716500,0.0,0.0
2024-03-14,98.43000030517578,98.9800033569336,97.8000030517578,98.48999786376952,3307100,0.0,0.0
2024-03-15,97.66000366210938,98.81999969482422,97.66000366210938,98.5,4137700,0.0,0.0
2024-03-18,98.8499984741211,99.18499755859376,97.97000122070312,98.04000091552734,1438100,0.0,0.0
2024-03-19,98.3000030517578,98.83999633789062,98.13999938964844,98.83999633789062,1596300,0.0,0.0
2024-03-20,98.69000244140624,99.44000244140624,98.2750015258789,99.33000183105467,1709600,0.0,0.0
